health,time,token,created_at
25,116,eyJhbGciOiJub25lIn0.eyJpYXQiOjE2OTE1NzQzMjIsImp0aSI6ImNlZmU5MDM1LTlkMGQtNDYyOS05MzdiLWU3YWJiYTIyYzg3YSJ9.,2023-08-09 09:48:34 UTC
-5,39,eyJhbGciOiJub25lIn0.eyJpYXQiOjE2OTE1NzQ1NjIsImp0aSI6IjA2MWZiYTM3LThiNjctNDk4Ny05ZmRlLWViY2ZhODAxMDk1OCJ9.,2023-08-09 09:50:15 UTC
-5,73,eyJhbGciOiJub25lIn0.eyJpYXQiOjE2OTE1NzQxOTYsImp0aSI6IjZiMWMwODIwLWI5YTQtNGRkYi1hY2Y0LTVhMTNiMmE2YmE0YiJ9.,2023-08-09 09:50:16 UTC
-5,27,eyJhbGciOiJub25lIn0.eyJpYXQiOjE2OTE1NzQ2MzEsImp0aSI6ImRjY2JlMjZiLTMxNGYtNDdjZS1hMTM3LTBkZWY3NTQwZmVhZiJ9.,2023-08-09 09:51:05 UTC
-5,101,eyJhbGciOiJub25lIn0.eyJpYXQiOjE2OTE1NzQ2MTksImp0aSI6ImM0ZjZjYzQyLTZmOGEtNDQ5Yi1iZTE1LTU2MjgwYTc4NDhlOCJ9.,2023-08-09 09:52:03 UTC
55,127,eyJhbGciOiJub25lIn0.eyJpYXQiOjE2OTE1NzQ3MzAsImp0aSI6ImQzYjk4ZjdiLTYwNTgtNDEyNS04ODlmLWY2YjlkZDRjMzI1NiJ9.,2023-08-09 09:54:43 UTC
-5,117,eyJhbGciOiJub25lIn0.eyJpYXQiOjE2OTE1NzQ3NzYsImp0aSI6IjU2MmUyZWQzLTg4YTktNGNhNi05NGM0LTY0MDYwYjk3MzgxMiJ9.,2023-08-09 09:55:00 UTC
20,4,jamesTest,2023-08-10 07:37:48 UTC
85,64,eyJhbGciOiJub25lIn0.eyJpYXQiOjE2OTE2NTMwOTcsImp0aSI6ImY1OGQ5ZTEyLTUwYTItNGJiNi1iMzU1LTk2MDI5NGNjNTcyOCJ9.,2023-08-10 07:39:34 UTC
100,88,eyJhbGciOiJub25lIn0.eyJpYXQiOjE2OTE2NTc1ODAsImp0aSI6IjViZTJlZWNiLTU0Y2YtNDhlMi1hOTMxLTk1M2YyYTFjZGZhNyJ9.,2023-08-10 08:54:40 UTC
40,114,eyJhbGciOiJub25lIn0.eyJpYXQiOjE2OTE2NjA4NzYsImp0aSI6ImJiMTgzMGMzLTAzYjQtNDMyMS1hNDYwLTMxZTVhMjk4OWFiMSJ9.,2023-08-10 09:52:46 UTC
55,157,eyJhbGciOiJub25lIn0.eyJpYXQiOjE2OTE2NjgzMTAsImp0aSI6IjgzNjcyZGRhLWM0MWYtNDYzZi1hYjM3LTgwN2VkNmMxNTBkNiJ9.,2023-08-10 11:56:15 UTC
70,77,eyJhbGciOiJub25lIn0.eyJpYXQiOjE2OTE2Njg3MjAsImp0aSI6ImM0ZGNjMTgwLWJmMWMtNDhlMS04MjRiLTBlNGU5ZmU3NjQzNSJ9.,2023-08-10 12:00:15 UTC
55,164,eyJhbGciOiJub25lIn0.eyJpYXQiOjE2OTE2Njg5NjcsImp0aSI6IjE4MzlhZmVhLTBjNmEtNDFhMi1iOTc3LTQ3YjUxMjUzOWQwMyJ9.,2023-08-10 12:05:39 UTC
-5,163,eyJhbGciOiJub25lIn0.eyJpYXQiOjE2OTE2NzgyNTYsImp0aSI6IjU1ZGY1OTg5LTQyNGMtNGQ4My04YjNhLWIxZmU1YTBjZWQwYiJ9.,2023-08-10 14:40:25 UTC
-5,47,eyJhbGciOiJub25lIn0.eyJpYXQiOjE2OTE2Nzg0MjYsImp0aSI6IjAxZWE1MWI0LTE3NzEtNDI4Ni1iMTNkLTk2MGVlN2UxY2YzNyJ9.,2023-08-10 14:41:21 UTC
100,128,eyJhbGciOiJub25lIn0.eyJpYXQiOjE2OTE2Nzg5ODIsImp0aSI6IjM0ZDY0NmE2LTBmNzAtNDMzNC1iNzE5LWE5MTQ3ZDBkMTc0ZCJ9.,2023-08-10 14:52:00 UTC
25,65,eyJhbGciOiJub25lIn0.eyJpYXQiOjE2OTE2NzkzMTAsImp0aSI6IjVkYmFkY2JkLTY5YjYtNGZkMC1iZTM3LWJiZDU0ZDc4NmRlOCJ9.,2023-08-10 14:57:01 UTC
70,155,eyJhbGciOiJub25lIn0.eyJpYXQiOjE2OTE3NDgzOTAsImp0aSI6ImYyYzJjMWIyLTdlMGQtNDVjYS1iYTY2LWRhYzhiN2QyZDQ1YiJ9.,2023-08-11 10:09:15 UTC
100,105,eyJhbGciOiJub25lIn0.eyJpYXQiOjE2OTE3NTIwNjAsImp0aSI6ImU2NjJiM2NiLTEwMDYtNDY1ZS04MzdlLWY1MDllYjRjNjUzZSJ9.,2023-08-11 11:16:19 UTC
100,22,eyJhbGciOiJub25lIn0.eyJpYXQiOjE2OTE3NTI3MTAsImp0aSI6IjEzOWYwYzlhLWZiZGEtNGY4MS1hZjAwLWQwYzEwNDExYTI1OSJ9.,2023-08-11 11:21:48 UTC
85,44,eyJhbGciOiJub25lIn0.eyJpYXQiOjE2OTE3NTM0MTIsImp0aSI6IjkzMDgxMGNiLTgyZWEtNGQxNC05NTQ4LTMxNDkxNTBkMGU4ZiJ9.,2023-08-11 11:32:02 UTC
10,183,eyJhbGciOiJub25lIn0.eyJpYXQiOjE2OTE3NTc1MzksImp0aSI6IjZlN2NlZWZiLTVlN2UtNDUwMy1hNWI1LWMwOGE5NjYyNzJhZiJ9.,2023-08-11 12:44:10 UTC
85,129,eyJhbGciOiJub25lIn0.eyJpYXQiOjE2OTE3NTc5MTMsImp0aSI6ImEzOWE1YjJiLTcxMTItNDY1Yy04MDg2LTAwNjU3YTBlZjY4YSJ9.,2023-08-11 12:48:03 UTC
-5,30,eyJhbGciOiJub25lIn0.eyJpYXQiOjE2OTE3NTgyNzAsImp0aSI6ImEyMGYxYmI5LWFhMjktNDgwZS04YWVjLTFkOGY5MzAxM2I1OCJ9.,2023-08-11 12:52:18 UTC
-5,43,eyJhbGciOiJub25lIn0.eyJpYXQiOjE2OTE3NTgzNDMsImp0aSI6IjI1ZGU4MzY4LTJhN2QtNDk1Ny1hZjgyLWRiYjhlNDAxMzViYyJ9.,2023-08-11 12:53:17 UTC
-5,47,eyJhbGciOiJub25lIn0.eyJpYXQiOjE2OTE3NTg0MDcsImp0aSI6IjZkNmE1YWY2LTg0YzQtNDE4Mi04MGUyLTIxNTZkMjFkZDRkNCJ9.,2023-08-11 12:54:30 UTC
-5,47,eyJhbGciOiJub25lIn0.eyJpYXQiOjE2OTE3NTg0NzIsImp0aSI6IjI5MThiZWE0LTBmYWMtNDA2ZC1iNDdkLTc5OGJhYjQ0MTBkYiJ9.,2023-08-11 12:55:31 UTC
-5,35,eyJhbGciOiJub25lIn0.eyJpYXQiOjE2OTE3NTg1MzUsImp0aSI6IjNlZDk0ZTJmLTk1ZDQtNGMyYy1hYzIxLTZlMDA5NTNhZWEzOCJ9.,2023-08-11 12:56:16 UTC
-5,55,eyJhbGciOiJub25lIn0.eyJpYXQiOjE2OTE3NTg1NzksImp0aSI6ImJmMGI4NWIzLWQ4NjMtNDQyZS1hMDAyLWE1MGQ3NWU5MzZkOSJ9.,2023-08-11 12:57:17 UTC
-5,94,eyJhbGciOiJub25lIn0.eyJpYXQiOjE2OTE3NTg2NDEsImp0aSI6ImI1MDZhOTE4LTM5MzUtNGMzZi04OTE5LTY5MjFiNWZlMGU2NyJ9.,2023-08-11 12:59:18 UTC
40,112,eyJhbGciOiJub25lIn0.eyJpYXQiOjE2OTE3NjY1OTAsImp0aSI6ImE2NmVjOWU1LTM5ZmMtNDI1NC1iYjU2LWYwOTQxN2ViZmI1NiJ9.,2023-08-11 15:24:03 UTC
-5,83,eyJhbGciOiJub25lIn0.eyJpYXQiOjE2OTE3Njc0ODgsImp0aSI6IjRkODg2YjRhLTIxYWMtNDZmOC1hZDhlLTVkMGZkODAwNDc3MSJ9.,2023-08-11 15:26:26 UTC
-5,89,eyJhbGciOiJub25lIn0.eyJpYXQiOjE2OTE3Njc1OTAsImp0aSI6IjdkNjZhMGY2LTk2ZmItNDNjZC1iMmYxLTY5NTFhYWNiZGRhNyJ9.,2023-08-11 15:28:07 UTC
-5,40,eyJhbGciOiJub25lIn0.eyJpYXQiOjE2OTE3Njc2ODksImp0aSI6ImJmZjg1YTkzLWRmMjQtNGM5ZC04ZGNiLWIyMjYxYTM2NTYyMiJ9.,2023-08-11 15:28:55 UTC
-5,74,eyJhbGciOiJub25lIn0.eyJpYXQiOjE2OTE3Njc3NDksImp0aSI6Ijc1Y2Q5OGRjLTE5MTctNGJhOS04Y2FhLTk4MmJlNWI4MmVmZCJ9.,2023-08-11 15:30:41 UTC
-5,152,eyJhbGciOiJub25lIn0.eyJpYXQiOjE2OTE3Njc4NDMsImp0aSI6ImM2ZWM2YjA5LTNjZjEtNGJlYy04NGRhLWNiOTAwODhlZDdjYSJ9.,2023-08-11 15:33:26 UTC
40,143,eyJhbGciOiJub25lIn0.eyJpYXQiOjE2OTE3NjgwMTYsImp0aSI6IjBhZGRkMjdhLTJmZmUtNDIxZi05YzQ0LTE2YzhhMTZlNzlhMCJ9.,2023-08-11 15:36:35 UTC
100,46,eyJhbGciOiJub25lIn0.eyJpYXQiOjE2OTE3NjgxOTgsImp0aSI6IjA4M2NjYjRmLTRiZDUtNDAxOS1iYTczLWJhMjEwYmMxMzFiMiJ9.,2023-08-11 15:38:00 UTC
10,189,eyJhbGciOiJub25lIn0.eyJpYXQiOjE2OTE3Njg2NDYsImp0aSI6ImZiYzI5ZjcxLTcyN2UtNDY5MC04MjFiLTc3NTdiYzUzMzQ5MiJ9.,2023-08-11 15:47:37 UTC
25,158,eyJhbGciOiJub25lIn0.eyJpYXQiOjE2OTE3Njg5ODAsImp0aSI6IjU1YTJkOWI4LTYxZTYtNDQ5Yy1iNjgyLTY1MmQ5ZjlkOGU4MCJ9.,2023-08-11 15:52:35 UTC
-5,163,eyJhbGciOiJub25lIn0.eyJpYXQiOjE2OTE3NjkyODcsImp0aSI6Ijc1YzBlMWFkLTIwOTctNDMyNS04M2YwLTQwMTM4MDM5MjQ3NiJ9.,2023-08-11 15:57:45 UTC
70,58,eyJhbGciOiJub25lIn0.eyJpYXQiOjE2OTE3Njk0NjYsImp0aSI6IjE4NjhjYTNjLWZiNjctNDQ1YS05ZTg5LWJhYTQyYjM2ZGM0NCJ9.,2023-08-11 15:59:55 UTC
85,107,eyJhbGciOiJub25lIn0.eyJpYXQiOjE2OTE3Njk3OTQsImp0aSI6Ijg3NmY0ZjE0LWZiZmMtNDM1ZS04YmZmLWUwZjE2N2YwOWE3YyJ9.,2023-08-11 16:05:25 UTC
100,97,eyJhbGciOiJub25lIn0.eyJpYXQiOjE2OTE3NzAxMTMsImp0aSI6ImFiZTRhZjdjLThiMGItNGVhYy1hNzUzLTU1YmNiYzNkZjg5MyJ9.,2023-08-11 16:11:10 UTC
100,103,eyJhbGciOiJub25lIn0.eyJpYXQiOjE2OTE3NzA0NjMsImp0aSI6Ijg5MzI1ZjU1LTBjZWItNGNhOS1iODI0LWZjOGE0N2EwNjVmYyJ9.,2023-08-11 16:16:20 UTC
85,127,eyJhbGciOiJub25lIn0.eyJpYXQiOjE2OTE3NzU3NDcsImp0aSI6ImJlYTlhM2Q5LWYzN2QtNDNjYy05YjhlLTExOTI5NTNlZmE0NiJ9.,2023-08-11 17:45:02 UTC
-5,82,eyJhbGciOiJub25lIn0.eyJpYXQiOjE2OTE3NzYwNDcsImp0aSI6IjE0NWM2YTUwLWFlNjQtNDMxZC1hMDM5LTUzOTcxMTY4M2FkNyJ9.,2023-08-11 17:48:54 UTC
100,51,eyJhbGciOiJub25lIn0.eyJpYXQiOjE2OTE3NzYxMzYsImp0aSI6ImJjNWRmNDkwLTYyNDgtNGFhNy04OWMxLWI3NTdhZTJmYTJjNCJ9.,2023-08-11 17:50:03 UTC
70,160,eyJhbGciOiJub25lIn0.eyJpYXQiOjE2OTE3NzYyMTAsImp0aSI6ImFjNDJjYTU4LTZkYWQtNDE1Yy04ZmQxLTJiNjYxNjhhYmY0MyJ9.,2023-08-11 17:53:36 UTC
100,101,eyJhbGciOiJub25lIn0.eyJpYXQiOjE2OTE4MzE5MzEsImp0aSI6ImZhYzQ1N2JkLWRjNzgtNDI1MS1iZjU4LTc1OTdmYWJmMzEyYyJ9.,2023-08-12 09:21:55 UTC
-5,134,eyJhbGciOiJub25lIn0.eyJpYXQiOjE2OTE4MzIyOTksImp0aSI6ImMxYjc4Y2U5LWZiYjMtNDFjOS04MjY5LTU2NDY5OTVhYjZmMiJ9.,2023-08-12 09:27:36 UTC
100,97,eyJhbGciOiJub25lIn0.eyJpYXQiOjE2OTE4MzI0NTgsImp0aSI6ImM0NzFiZDZiLTMyYmUtNDk5Zi1iNjU5LTA1MTgwODk5OTZiMyJ9.,2023-08-12 09:29:47 UTC
-5,47,eyJhbGciOiJub25lIn0.eyJpYXQiOjE2OTE4MzI3NDQsImp0aSI6IjY2MTU1Njg2LWQyZWUtNGQ5MC1iNGZiLWE2ODA2M2UxN2UxMCJ9.,2023-08-12 09:33:20 UTC
100,96,eyJhbGciOiJub25lIn0.eyJpYXQiOjE2OTE4MzMwNzksImp0aSI6IjdhZWY0YmE3LTAzZTYtNDBlNC04ZjE2LTU2MjU2NmIyZDU4NyJ9.,2023-08-12 09:39:59 UTC
-5,71,eyJhbGciOiJub25lIn0.eyJpYXQiOjE2OTE4MzMzMTYsImp0aSI6ImYxNzU2ZmU2LTIzYTYtNGQyOC04NWQ2LTdjMWQzZTA3MzQ4YiJ9.,2023-08-12 09:43:43 UTC
85,118,eyJhbGciOiJub25lIn0.eyJpYXQiOjE2OTE4MzM0MjUsImp0aSI6IjZiODczNWEyLTljNGEtNDc2OS05Y2FmLWFiMWFmYjIwYjk0ZSJ9.,2023-08-12 09:45:55 UTC
-5,63,eyJhbGciOiJub25lIn0.eyJpYXQiOjE2OTE4MzM2OTksImp0aSI6ImE2NzcyMWZjLWZlYjYtNGUzOS1iNjdhLTNmNWFkZmQ3OTI1YyJ9.,2023-08-12 09:50:27 UTC
85,99,"",2023-08-12 11:46:16 UTC
40,175,eyJhbGciOiJub25lIn0.eyJpYXQiOjE2OTE4NDA4NzEsImp0aSI6IjYxZDdiOTFjLWMwNmMtNDNjOS04YzZjLTc5YmZmMWRlODc3YyJ9.,2023-08-12 11:53:46 UTC
40,110,eyJhbGciOiJub25lIn0.eyJpYXQiOjE2OTE4NDIzMTgsImp0aSI6IjU3NTEyODM0LWU4ZGUtNGNjNi1iN2Q1LTI4NTQxY2RkMjkwZSJ9.,2023-08-12 12:24:44 UTC
100,117,"",2023-08-12 12:38:21 UTC
100,39,"",2023-08-12 13:22:46 UTC
55,57,eyJhbGciOiJub25lIn0.eyJpYXQiOjE2OTE4NTA2MjIsImp0aSI6IjM4NzQzZjMxLWZmNzYtNDJmNi05ZjM1LWJhZDgyY2EwNmI5ZSJ9.,2023-08-12 14:31:49 UTC
-5,104,eyJhbGciOiJub25lIn0.eyJpYXQiOjE2OTIwOTI4MjcsImp0aSI6ImE5NWNiNGEzLTI0NTYtNDQ3Zi1iZTZkLTI0Njg0MThjNTNkZCJ9.,2023-08-15 09:49:04 UTC
85,50,eyJhbGciOiJub25lIn0.eyJpYXQiOjE2OTIwOTI5NDUsImp0aSI6IjM4MmY4MDAwLTc1MmEtNDNmNS05MTNiLTMyZjdiYzc4NzM4NyJ9.,2023-08-15 09:50:36 UTC
-5,163,eyJhbGciOiJub25lIn0.eyJpYXQiOjE2OTIwOTQ1MzgsImp0aSI6IjMzOTJiN2MxLTA0MjItNGMwYi05ZWY3LTkyNDE3ZjYxNTAzZiJ9.,2023-08-15 10:18:32 UTC
100,145,eyJhbGciOiJub25lIn0.eyJpYXQiOjE2OTIwOTQ3MTQsImp0aSI6ImU5ZWEyOGVkLTgyNzAtNDM4Yy1iNDA2LTFiZGI4YzY5MTM0MSJ9.,2023-08-15 10:21:27 UTC
70,109,eyJhbGciOiJub25lIn0.eyJpYXQiOjE2OTIwOTg4NzgsImp0aSI6ImY5Y2VkZjAzLWM1ZWMtNDg0NC1iZGJjLWNkOGU2MjY1ZGJhZCJ9.,2023-08-15 11:30:00 UTC
100,72,eyJhbGciOiJub25lIn0.eyJpYXQiOjE2OTIwOTkxNTQsImp0aSI6ImU3NTU4ZDk0LTYzODItNDMzYy1iMzcxLTEwYTkwMjhhMThlOSJ9.,2023-08-15 11:34:52 UTC
-5,233,eyJhbGciOiJub25lIn0.eyJpYXQiOjE2OTIxMDEyODIsImp0aSI6ImMwZTM3YmUyLWJmODYtNDJlNi1hMTAwLTIwZmZlMTBkMjA4YyJ9.,2023-08-15 12:12:36 UTC
85,101,eyJhbGciOiJub25lIn0.eyJpYXQiOjE2OTIxMDE1NTgsImp0aSI6IjE2NzhmZDNlLWNmZTgtNGY4OS1hZGUxLTg1N2I4ZDcxZjRlNiJ9.,2023-08-15 12:14:35 UTC
-5,178,eyJhbGciOiJub25lIn0.eyJpYXQiOjE2OTIxMTE0NjUsImp0aSI6ImRjZDk2M2NjLTU4YzEtNGQ4Yi1iNDJiLTJjMTY0ZGM5ZTlmZSJ9.,2023-08-15 15:02:02 UTC
-5,90,eyJhbGciOiJub25lIn0.eyJpYXQiOjE2OTIxMTE3MjMsImp0aSI6IjU2ODZlMDg2LWYyMDMtNDA2OC1iMjE0LTgzODhmNzBmYjkwNiJ9.,2023-08-15 15:03:40 UTC
-5,65,eyJhbGciOiJub25lIn0.eyJpYXQiOjE2OTIxMTE4MjEsImp0aSI6ImI3ZTVmMjAzLTI4ZTMtNDFjMy04YmQwLTgzOTk5YWY4MmQwNiJ9.,2023-08-15 15:04:56 UTC
40,122,eyJhbGciOiJub25lIn0.eyJpYXQiOjE2OTIxMTE4OTksImp0aSI6ImE2YzA3ZGY1LWYyZjctNGQxMi04MjY4LTBmYjAxMDQyMjcxZCJ9.,2023-08-15 15:07:29 UTC
-5,121,eyJhbGciOiJub25lIn0.eyJpYXQiOjE2OTIxMTIyNDYsImp0aSI6IjQ0MTY2NWU3LWNkMWQtNDQ1Mi1iMmQ4LTQ4YzFiYzU4ZGE1YSJ9.,2023-08-15 15:12:58 UTC
100,84,eyJhbGciOiJub25lIn0.eyJpYXQiOjE2OTIxMTIzODAsImp0aSI6ImJhYTI4NmRmLTU1YmItNGE3ZS05OTRhLTgwYmU5NzE2NDM2ZCJ9.,2023-08-15 15:14:50 UTC
55,329,eyJhbGciOiJub25lIn0.eyJpYXQiOjE2OTIxODM3NzgsImp0aSI6ImJmZGFhYjg2LTFlYzctNGRiOC05MmMyLTg2YWFkZTU3MmJlYyJ9.,2023-08-16 11:10:49 UTC
