player_fitness,enemy_fitness,weight_adjustment,token,created_at
0.2483,0.05235102,0.1156471,eyJhbGciOiJub25lIn0.eyJpYXQiOjE2OTE2Nzg5ODIsImp0aSI6IjM0ZDY0NmE2LTBmNzAtNDMzNC1iNzE5LWE5MTQ3ZDBkMTc0ZCJ9.,2023-08-10 14:52:05 UTC
0.2588,0.04971524,0.128,eyJhbGciOiJub25lIn0.eyJpYXQiOjE2OTE2Nzg5ODIsImp0aSI6IjM0ZDY0NmE2LTBmNzAtNDMzNC1iNzE5LWE5MTQ3ZDBkMTc0ZCJ9.,2023-08-10 14:52:10 UTC
0.2672,0.05250275,0.1378823,eyJhbGciOiJub25lIn0.eyJpYXQiOjE2OTE2Nzg5ODIsImp0aSI6IjM0ZDY0NmE2LTBmNzAtNDMzNC1iNzE5LWE5MTQ3ZDBkMTc0ZCJ9.,2023-08-10 14:52:15 UTC
0.2596692,0.06052579,0.1290226,eyJhbGciOiJub25lIn0.eyJpYXQiOjE2OTE2Nzg5ODIsImp0aSI6IjM0ZDY0NmE2LTBmNzAtNDMzNC1iNzE5LWE5MTQ3ZDBkMTc0ZCJ9.,2023-08-10 14:52:20 UTC
0.2755941,0.05340702,0.1477578,eyJhbGciOiJub25lIn0.eyJpYXQiOjE2OTE2Nzg5ODIsImp0aSI6IjM0ZDY0NmE2LTBmNzAtNDMzNC1iNzE5LWE5MTQ3ZDBkMTc0ZCJ9.,2023-08-10 14:52:25 UTC
0.2786941,0.05354012,0.1514048,eyJhbGciOiJub25lIn0.eyJpYXQiOjE2OTE2Nzg5ODIsImp0aSI6IjM0ZDY0NmE2LTBmNzAtNDMzNC1iNzE5LWE5MTQ3ZDBkMTc0ZCJ9.,2023-08-10 14:52:30 UTC
0.2937952,0.06331474,0.1691709,eyJhbGciOiJub25lIn0.eyJpYXQiOjE2OTE2Nzg5ODIsImp0aSI6IjM0ZDY0NmE2LTBmNzAtNDMzNC1iNzE5LWE5MTQ3ZDBkMTc0ZCJ9.,2023-08-10 14:52:35 UTC
0.3083846,0.07737327,0.1863348,eyJhbGciOiJub25lIn0.eyJpYXQiOjE2OTE2Nzg5ODIsImp0aSI6IjM0ZDY0NmE2LTBmNzAtNDMzNC1iNzE5LWE5MTQ3ZDBkMTc0ZCJ9.,2023-08-10 14:52:40 UTC
0.312575,0.09216616,0.1912647,eyJhbGciOiJub25lIn0.eyJpYXQiOjE2OTE2Nzg5ODIsImp0aSI6IjM0ZDY0NmE2LTBmNzAtNDMzNC1iNzE5LWE5MTQ3ZDBkMTc0ZCJ9.,2023-08-10 14:52:45 UTC
0.3286727,0.1166732,0.2102032,eyJhbGciOiJub25lIn0.eyJpYXQiOjE2OTE2Nzg5ODIsImp0aSI6IjM0ZDY0NmE2LTBmNzAtNDMzNC1iNzE5LWE5MTQ3ZDBkMTc0ZCJ9.,2023-08-10 14:52:50 UTC
0.3432273,0.1332403,0.2273262,eyJhbGciOiJub25lIn0.eyJpYXQiOjE2OTE2Nzg5ODIsImp0aSI6IjM0ZDY0NmE2LTBmNzAtNDMzNC1iNzE5LWE5MTQ3ZDBkMTc0ZCJ9.,2023-08-10 14:52:55 UTC
0.3583563,0.1682535,0.245125,eyJhbGciOiJub25lIn0.eyJpYXQiOjE2OTE2Nzg5ODIsImp0aSI6IjM0ZDY0NmE2LTBmNzAtNDMzNC1iNzE5LWE5MTQ3ZDBkMTc0ZCJ9.,2023-08-10 14:53:00 UTC
0.3838651,0.1982653,0.2751354,eyJhbGciOiJub25lIn0.eyJpYXQiOjE2OTE2Nzg5ODIsImp0aSI6IjM0ZDY0NmE2LTBmNzAtNDMzNC1iNzE5LWE5MTQ3ZDBkMTc0ZCJ9.,2023-08-10 14:53:05 UTC
0.380737,0.2407978,0.0,eyJhbGciOiJub25lIn0.eyJpYXQiOjE2OTE2Nzg5ODIsImp0aSI6IjM0ZDY0NmE2LTBmNzAtNDMzNC1iNzE5LWE5MTQ3ZDBkMTc0ZCJ9.,2023-08-10 14:53:10 UTC
0.3908038,0.2397917,0.2832986,eyJhbGciOiJub25lIn0.eyJpYXQiOjE2OTE2Nzg5ODIsImp0aSI6IjM0ZDY0NmE2LTBmNzAtNDMzNC1iNzE5LWE5MTQ3ZDBkMTc0ZCJ9.,2023-08-10 14:53:15 UTC
0.4030179,0.3456314,0.0,eyJhbGciOiJub25lIn0.eyJpYXQiOjE2OTE2Nzg5ODIsImp0aSI6IjM0ZDY0NmE2LTBmNzAtNDMzNC1iNzE5LWE5MTQ3ZDBkMTc0ZCJ9.,2023-08-10 14:53:20 UTC
0.4178405,0.3741956,0.0,eyJhbGciOiJub25lIn0.eyJpYXQiOjE2OTE2Nzg5ODIsImp0aSI6IjM0ZDY0NmE2LTBmNzAtNDMzNC1iNzE5LWE5MTQ3ZDBkMTc0ZCJ9.,2023-08-10 14:53:25 UTC
0.4358658,0.3482882,0.0,eyJhbGciOiJub25lIn0.eyJpYXQiOjE2OTE2Nzg5ODIsImp0aSI6IjM0ZDY0NmE2LTBmNzAtNDMzNC1iNzE5LWE5MTQ3ZDBkMTc0ZCJ9.,2023-08-10 14:53:30 UTC
0.4468431,0.3469853,0.0,eyJhbGciOiJub25lIn0.eyJpYXQiOjE2OTE2Nzg5ODIsImp0aSI6IjM0ZDY0NmE2LTBmNzAtNDMzNC1iNzE5LWE5MTQ3ZDBkMTc0ZCJ9.,2023-08-10 14:53:35 UTC
0.4644844,0.3323908,0.0,eyJhbGciOiJub25lIn0.eyJpYXQiOjE2OTE2Nzg5ODIsImp0aSI6IjM0ZDY0NmE2LTBmNzAtNDMzNC1iNzE5LWE5MTQ3ZDBkMTc0ZCJ9.,2023-08-10 14:53:40 UTC
0.50226,0.3543516,0.0,eyJhbGciOiJub25lIn0.eyJpYXQiOjE2OTE2Nzg5ODIsImp0aSI6IjM0ZDY0NmE2LTBmNzAtNDMzNC1iNzE5LWE5MTQ3ZDBkMTc0ZCJ9.,2023-08-10 14:53:45 UTC
0.5292341,0.3177485,0.4461577,eyJhbGciOiJub25lIn0.eyJpYXQiOjE2OTE2Nzg5ODIsImp0aSI6IjM0ZDY0NmE2LTBmNzAtNDMzNC1iNzE5LWE5MTQ3ZDBkMTc0ZCJ9.,2023-08-10 14:53:50 UTC
0.5367041,0.4479072,0.0,eyJhbGciOiJub25lIn0.eyJpYXQiOjE2OTE2Nzg5ODIsImp0aSI6IjM0ZDY0NmE2LTBmNzAtNDMzNC1iNzE5LWE5MTQ3ZDBkMTc0ZCJ9.,2023-08-10 14:53:55 UTC
0.5713805,0.4593398,0.0,eyJhbGciOiJub25lIn0.eyJpYXQiOjE2OTE2Nzg5ODIsImp0aSI6IjM0ZDY0NmE2LTBmNzAtNDMzNC1iNzE5LWE5MTQ3ZDBkMTc0ZCJ9.,2023-08-10 14:54:00 UTC
0.584392,0.4697778,0.0,eyJhbGciOiJub25lIn0.eyJpYXQiOjE2OTE2Nzg5ODIsImp0aSI6IjM0ZDY0NmE2LTBmNzAtNDMzNC1iNzE5LWE5MTQ3ZDBkMTc0ZCJ9.,2023-08-10 14:54:05 UTC
0.6319566,0.5077393,0.0,eyJhbGciOiJub25lIn0.eyJpYXQiOjE2OTE2Nzg5ODIsImp0aSI6IjM0ZDY0NmE2LTBmNzAtNDMzNC1iNzE5LWE5MTQ3ZDBkMTc0ZCJ9.,2023-08-10 14:54:10 UTC
0.6491538,0.472558,0.5872398,eyJhbGciOiJub25lIn0.eyJpYXQiOjE2OTE2Nzg5ODIsImp0aSI6IjM0ZDY0NmE2LTBmNzAtNDMzNC1iNzE5LWE5MTQ3ZDBkMTc0ZCJ9.,2023-08-10 14:54:15 UTC
0.6930867,0.7549579,0.0,eyJhbGciOiJub25lIn0.eyJpYXQiOjE2OTE2Nzg5ODIsImp0aSI6IjM0ZDY0NmE2LTBmNzAtNDMzNC1iNzE5LWE5MTQ3ZDBkMTc0ZCJ9.,2023-08-10 14:54:20 UTC
0.7347349,0.7863328,0.0,eyJhbGciOiJub25lIn0.eyJpYXQiOjE2OTE2Nzg5ODIsImp0aSI6IjM0ZDY0NmE2LTBmNzAtNDMzNC1iNzE5LWE5MTQ3ZDBkMTc0ZCJ9.,2023-08-10 14:54:25 UTC
0.7794431,0.7504412,0.0,eyJhbGciOiJub25lIn0.eyJpYXQiOjE2OTE2Nzg5ODIsImp0aSI6IjM0ZDY0NmE2LTBmNzAtNDMzNC1iNzE5LWE5MTQ3ZDBkMTc0ZCJ9.,2023-08-10 14:54:30 UTC
0.8085051,0.7172706,0.0,eyJhbGciOiJub25lIn0.eyJpYXQiOjE2OTE2Nzg5ODIsImp0aSI6IjM0ZDY0NmE2LTBmNzAtNDMzNC1iNzE5LWE5MTQ3ZDBkMTc0ZCJ9.,2023-08-10 14:54:35 UTC
0.8515661,0.7043533,0.0,eyJhbGciOiJub25lIn0.eyJpYXQiOjE2OTE2Nzg5ODIsImp0aSI6IjM0ZDY0NmE2LTBmNzAtNDMzNC1iNzE5LWE5MTQ3ZDBkMTc0ZCJ9.,2023-08-10 14:54:40 UTC
0.8857664,0.7406344,0.0,eyJhbGciOiJub25lIn0.eyJpYXQiOjE2OTE2Nzg5ODIsImp0aSI6IjM0ZDY0NmE2LTBmNzAtNDMzNC1iNzE5LWE5MTQ3ZDBkMTc0ZCJ9.,2023-08-10 14:54:45 UTC
0.9321716,0.7357497,0.920202,eyJhbGciOiJub25lIn0.eyJpYXQiOjE2OTE2Nzg5ODIsImp0aSI6IjM0ZDY0NmE2LTBmNzAtNDMzNC1iNzE5LWE5MTQ3ZDBkMTc0ZCJ9.,2023-08-10 14:54:50 UTC
0.9363391,1.294628,-0.7863392,eyJhbGciOiJub25lIn0.eyJpYXQiOjE2OTE2Nzg5ODIsImp0aSI6IjM0ZDY0NmE2LTBmNzAtNDMzNC1iNzE5LWE5MTQ3ZDBkMTc0ZCJ9.,2023-08-10 14:54:55 UTC
0.9657071,0.2735407,0.9596553,eyJhbGciOiJub25lIn0.eyJpYXQiOjE2OTE2Nzg5ODIsImp0aSI6IjM0ZDY0NmE2LTBmNzAtNDMzNC1iNzE5LWE5MTQ3ZDBkMTc0ZCJ9.,2023-08-10 14:55:00 UTC
-0.0023,0.04734032,0.0,eyJhbGciOiJub25lIn0.eyJpYXQiOjE2OTE2NzkzMTAsImp0aSI6IjVkYmFkY2JkLTY5YjYtNGZkMC1iZTM3LWJiZDU0ZDc4NmRlOCJ9.,2023-08-10 14:57:07 UTC
0.2585,0.06550683,0.1276471,eyJhbGciOiJub25lIn0.eyJpYXQiOjE2OTE2NzkzMTAsImp0aSI6IjVkYmFkY2JkLTY5YjYtNGZkMC1iZTM3LWJiZDU0ZDc4NmRlOCJ9.,2023-08-10 14:57:11 UTC
0.2547692,0.05272587,0.1232579,eyJhbGciOiJub25lIn0.eyJpYXQiOjE2OTE2NzkzMTAsImp0aSI6IjVkYmFkY2JkLTY5YjYtNGZkMC1iZTM3LWJiZDU0ZDc4NmRlOCJ9.,2023-08-10 14:57:16 UTC
0.2706941,0.05535456,0.1419931,eyJhbGciOiJub25lIn0.eyJpYXQiOjE2OTE2NzkzMTAsImp0aSI6IjVkYmFkY2JkLTY5YjYtNGZkMC1iZTM3LWJiZDU0ZDc4NmRlOCJ9.,2023-08-10 14:57:21 UTC
0.2752941,0.04918772,0.1474048,eyJhbGciOiJub25lIn0.eyJpYXQiOjE2OTE2NzkzMTAsImp0aSI6IjVkYmFkY2JkLTY5YjYtNGZkMC1iZTM3LWJiZDU0ZDc4NmRlOCJ9.,2023-08-10 14:57:26 UTC
0.2786941,0.06443342,0.1514048,eyJhbGciOiJub25lIn0.eyJpYXQiOjE2OTE2NzkzMTAsImp0aSI6IjVkYmFkY2JkLTY5YjYtNGZkMC1iZTM3LWJiZDU0ZDc4NmRlOCJ9.,2023-08-10 14:57:31 UTC
0.2782667,0.06310398,0.150902,eyJhbGciOiJub25lIn0.eyJpYXQiOjE2OTE2NzkzMTAsImp0aSI6IjVkYmFkY2JkLTY5YjYtNGZkMC1iZTM3LWJiZDU0ZDc4NmRlOCJ9.,2023-08-10 14:57:36 UTC
0.2975162,0.05315984,0.1735485,eyJhbGciOiJub25lIn0.eyJpYXQiOjE2OTE2NzkzMTAsImp0aSI6IjVkYmFkY2JkLTY5YjYtNGZkMC1iZTM3LWJiZDU0ZDc4NmRlOCJ9.,2023-08-10 14:57:41 UTC
0.3121455,0.1034033,0.1907594,eyJhbGciOiJub25lIn0.eyJpYXQiOjE2OTE2NzkzMTAsImp0aSI6IjVkYmFkY2JkLTY5YjYtNGZkMC1iZTM3LWJiZDU0ZDc4NmRlOCJ9.,2023-08-10 14:57:51 UTC
0.3711429,0.1726609,0.2601681,eyJhbGciOiJub25lIn0.eyJpYXQiOjE2OTE2NzkzMTAsImp0aSI6IjVkYmFkY2JkLTY5YjYtNGZkMC1iZTM3LWJiZDU0ZDc4NmRlOCJ9.,2023-08-10 14:58:06 UTC
0.4038422,0.2512954,0.2986379,eyJhbGciOiJub25lIn0.eyJpYXQiOjE2OTE2NzkzMTAsImp0aSI6IjVkYmFkY2JkLTY5YjYtNGZkMC1iZTM3LWJiZDU0ZDc4NmRlOCJ9.,2023-08-10 14:58:16 UTC
0.4289516,0.3479129,0.0,eyJhbGciOiJub25lIn0.eyJpYXQiOjE2OTE2NzkzMTAsImp0aSI6IjVkYmFkY2JkLTY5YjYtNGZkMC1iZTM3LWJiZDU0ZDc4NmRlOCJ9.,2023-08-10 14:58:36 UTC
0.4727682,0.3427492,0.0,eyJhbGciOiJub25lIn0.eyJpYXQiOjE2OTE2NzkzMTAsImp0aSI6IjVkYmFkY2JkLTY5YjYtNGZkMC1iZTM3LWJiZDU0ZDc4NmRlOCJ9.,2023-08-10 14:58:46 UTC
0.2913282,0.06539846,0.1662685,eyJhbGciOiJub25lIn0.eyJpYXQiOjE2OTE2NzkzMTAsImp0aSI6IjVkYmFkY2JkLTY5YjYtNGZkMC1iZTM3LWJiZDU0ZDc4NmRlOCJ9.,2023-08-10 14:57:46 UTC
0.3424552,0.1149497,0.2264179,eyJhbGciOiJub25lIn0.eyJpYXQiOjE2OTE2NzkzMTAsImp0aSI6IjVkYmFkY2JkLTY5YjYtNGZkMC1iZTM3LWJiZDU0ZDc4NmRlOCJ9.,2023-08-10 14:57:56 UTC
0.3611334,0.1323995,0.2483922,eyJhbGciOiJub25lIn0.eyJpYXQiOjE2OTE2NzkzMTAsImp0aSI6IjVkYmFkY2JkLTY5YjYtNGZkMC1iZTM3LWJiZDU0ZDc4NmRlOCJ9.,2023-08-10 14:58:01 UTC
0.405387,0.3853998,0.0,eyJhbGciOiJub25lIn0.eyJpYXQiOjE2OTE2NzkzMTAsImp0aSI6IjVkYmFkY2JkLTY5YjYtNGZkMC1iZTM3LWJiZDU0ZDc4NmRlOCJ9.,2023-08-10 14:58:31 UTC
0.3889526,0.2250516,0.2811207,eyJhbGciOiJub25lIn0.eyJpYXQiOjE2OTE2NzkzMTAsImp0aSI6IjVkYmFkY2JkLTY5YjYtNGZkMC1iZTM3LWJiZDU0ZDc4NmRlOCJ9.,2023-08-10 14:58:11 UTC
0.4122707,0.3297494,0.0,eyJhbGciOiJub25lIn0.eyJpYXQiOjE2OTE2NzkzMTAsImp0aSI6IjVkYmFkY2JkLTY5YjYtNGZkMC1iZTM3LWJiZDU0ZDc4NmRlOCJ9.,2023-08-10 14:58:21 UTC
0.4194286,0.3676159,0.0,eyJhbGciOiJub25lIn0.eyJpYXQiOjE2OTE2NzkzMTAsImp0aSI6IjVkYmFkY2JkLTY5YjYtNGZkMC1iZTM3LWJiZDU0ZDc4NmRlOCJ9.,2023-08-10 14:58:26 UTC
0.4527645,0.3586764,0.0,eyJhbGciOiJub25lIn0.eyJpYXQiOjE2OTE2NzkzMTAsImp0aSI6IjVkYmFkY2JkLTY5YjYtNGZkMC1iZTM3LWJiZDU0ZDc4NmRlOCJ9.,2023-08-10 14:58:41 UTC
-0.0026,0.04188288,0.0,eyJhbGciOiJub25lIn0.eyJpYXQiOjE2OTE3NzU3NDcsImp0aSI6ImJlYTlhM2Q5LWYzN2QtNDNjYy05YjhlLTExOTI5NTNlZmE0NiJ9.,2023-08-11 17:45:08 UTC
0.002300001,0.06247848,0.0,eyJhbGciOiJub25lIn0.eyJpYXQiOjE2OTE3NzU3NDcsImp0aSI6ImJlYTlhM2Q5LWYzN2QtNDNjYy05YjhlLTExOTI5NTNlZmE0NiJ9.,2023-08-11 17:45:13 UTC
0.006600001,0.06852823,0.0,eyJhbGciOiJub25lIn0.eyJpYXQiOjE2OTE3NzU3NDcsImp0aSI6ImJlYTlhM2Q5LWYzN2QtNDNjYy05YjhlLTExOTI5NTNlZmE0NiJ9.,2023-08-11 17:45:18 UTC
0.2268,0.07213323,0.09035295,eyJhbGciOiJub25lIn0.eyJpYXQiOjE2OTE3NzU3NDcsImp0aSI6ImJlYTlhM2Q5LWYzN2QtNDNjYy05YjhlLTExOTI5NTNlZmE0NiJ9.,2023-08-11 17:45:25 UTC
0.2031667,0.05156652,0.06254902,eyJhbGciOiJub25lIn0.eyJpYXQiOjE2OTE3NzU3NDcsImp0aSI6ImJlYTlhM2Q5LWYzN2QtNDNjYy05YjhlLTExOTI5NTNlZmE0NiJ9.,2023-08-11 17:45:30 UTC
0.187031,0.05653879,0.0,eyJhbGciOiJub25lIn0.eyJpYXQiOjE2OTE3NzU3NDcsImp0aSI6ImJlYTlhM2Q5LWYzN2QtNDNjYy05YjhlLTExOTI5NTNlZmE0NiJ9.,2023-08-11 17:45:35 UTC
0.1929524,0.05496697,0.0,eyJhbGciOiJub25lIn0.eyJpYXQiOjE2OTE3NzU3NDcsImp0aSI6ImJlYTlhM2Q5LWYzN2QtNDNjYy05YjhlLTExOTI5NTNlZmE0NiJ9.,2023-08-11 17:45:40 UTC
0.1934917,0.06311779,0.0,eyJhbGciOiJub25lIn0.eyJpYXQiOjE2OTE3NzU3NDcsImp0aSI6ImJlYTlhM2Q5LWYzN2QtNDNjYy05YjhlLTExOTI5NTNlZmE0NiJ9.,2023-08-11 17:45:45 UTC
0.2109769,0.07184633,0.0,eyJhbGciOiJub25lIn0.eyJpYXQiOjE2OTE3NzU3NDcsImp0aSI6ImJlYTlhM2Q5LWYzN2QtNDNjYy05YjhlLTExOTI5NTNlZmE0NiJ9.,2023-08-11 17:45:50 UTC
0.2216343,0.05589684,0.08427567,eyJhbGciOiJub25lIn0.eyJpYXQiOjE2OTE3NzU3NDcsImp0aSI6ImJlYTlhM2Q5LWYzN2QtNDNjYy05YjhlLTExOTI5NTNlZmE0NiJ9.,2023-08-11 17:45:55 UTC
0.2458238,0.04500101,0.1127339,eyJhbGciOiJub25lIn0.eyJpYXQiOjE2OTE3NzU3NDcsImp0aSI6ImJlYTlhM2Q5LWYzN2QtNDNjYy05YjhlLTExOTI5NTNlZmE0NiJ9.,2023-08-11 17:46:00 UTC
0.2527895,0.04832479,0.1209288,eyJhbGciOiJub25lIn0.eyJpYXQiOjE2OTE3NzU3NDcsImp0aSI6ImJlYTlhM2Q5LWYzN2QtNDNjYy05YjhlLTExOTI5NTNlZmE0NiJ9.,2023-08-11 17:46:05 UTC
0.2637205,0.05412759,0.1337889,eyJhbGciOiJub25lIn0.eyJpYXQiOjE2OTE3NzU3NDcsImp0aSI6ImJlYTlhM2Q5LWYzN2QtNDNjYy05YjhlLTExOTI5NTNlZmE0NiJ9.,2023-08-11 17:46:10 UTC
0.2695217,0.05301026,0.1406138,eyJhbGciOiJub25lIn0.eyJpYXQiOjE2OTE3NzU3NDcsImp0aSI6ImJlYTlhM2Q5LWYzN2QtNDNjYy05YjhlLTExOTI5NTNlZmE0NiJ9.,2023-08-11 17:46:15 UTC
0.2813651,0.06134091,0.1545472,eyJhbGciOiJub25lIn0.eyJpYXQiOjE2OTE3NzU3NDcsImp0aSI6ImJlYTlhM2Q5LWYzN2QtNDNjYy05YjhlLTExOTI5NTNlZmE0NiJ9.,2023-08-11 17:46:20 UTC
0.2902682,0.05125728,0.1650214,eyJhbGciOiJub25lIn0.eyJpYXQiOjE2OTE3NzU3NDcsImp0aSI6ImJlYTlhM2Q5LWYzN2QtNDNjYy05YjhlLTExOTI5NTNlZmE0NiJ9.,2023-08-11 17:46:25 UTC
0.3053929,0.05423222,0.1828151,eyJhbGciOiJub25lIn0.eyJpYXQiOjE2OTE3NzU3NDcsImp0aSI6ImJlYTlhM2Q5LWYzN2QtNDNjYy05YjhlLTExOTI5NTNlZmE0NiJ9.,2023-08-11 17:46:30 UTC
0.3182561,0.07834461,0.1979483,eyJhbGciOiJub25lIn0.eyJpYXQiOjE2OTE3NzU3NDcsImp0aSI6ImJlYTlhM2Q5LWYzN2QtNDNjYy05YjhlLTExOTI5NTNlZmE0NiJ9.,2023-08-11 17:46:35 UTC
0.3315108,0.1000042,0.2135421,eyJhbGciOiJub25lIn0.eyJpYXQiOjE2OTE3NzU3NDcsImp0aSI6ImJlYTlhM2Q5LWYzN2QtNDNjYy05YjhlLTExOTI5NTNlZmE0NiJ9.,2023-08-11 17:46:40 UTC
0.3541591,0.1139806,0.2401872,eyJhbGciOiJub25lIn0.eyJpYXQiOjE2OTE3NzU3NDcsImp0aSI6ImJlYTlhM2Q5LWYzN2QtNDNjYy05YjhlLTExOTI5NTNlZmE0NiJ9.,2023-08-11 17:46:45 UTC
0.3512206,0.1528785,0.2367301,eyJhbGciOiJub25lIn0.eyJpYXQiOjE2OTE3NzU3NDcsImp0aSI6ImJlYTlhM2Q5LWYzN2QtNDNjYy05YjhlLTExOTI5NTNlZmE0NiJ9.,2023-08-11 17:46:50 UTC
0.34575,0.166869,0.2302941,eyJhbGciOiJub25lIn0.eyJpYXQiOjE2OTE3NzU3NDcsImp0aSI6ImJlYTlhM2Q5LWYzN2QtNDNjYy05YjhlLTExOTI5NTNlZmE0NiJ9.,2023-08-11 17:46:55 UTC
0.3460132,0.2354249,0.0,eyJhbGciOiJub25lIn0.eyJpYXQiOjE2OTE3NzU3NDcsImp0aSI6ImJlYTlhM2Q5LWYzN2QtNDNjYy05YjhlLTExOTI5NTNlZmE0NiJ9.,2023-08-11 17:47:00 UTC
0.3474039,0.2266158,0.0,eyJhbGciOiJub25lIn0.eyJpYXQiOjE2OTE3NzU3NDcsImp0aSI6ImJlYTlhM2Q5LWYzN2QtNDNjYy05YjhlLTExOTI5NTNlZmE0NiJ9.,2023-08-11 17:47:05 UTC
0.3840287,0.2198823,0.2753279,eyJhbGciOiJub25lIn0.eyJpYXQiOjE2OTE3NzU3NDcsImp0aSI6ImJlYTlhM2Q5LWYzN2QtNDNjYy05YjhlLTExOTI5NTNlZmE0NiJ9.,2023-08-11 17:47:10 UTC
0.4063151,0.2413295,0.3015472,eyJhbGciOiJub25lIn0.eyJpYXQiOjE2OTE3NzU3NDcsImp0aSI6ImJlYTlhM2Q5LWYzN2QtNDNjYy05YjhlLTExOTI5NTNlZmE0NiJ9.,2023-08-11 17:47:15 UTC
-0.0029,0.04345651,0.0,eyJhbGciOiJub25lIn0.eyJpYXQiOjE2OTE3NzYyMTAsImp0aSI6ImFjNDJjYTU4LTZkYWQtNDE1Yy04ZmQxLTJiNjYxNjhhYmY0MyJ9.,2023-08-11 17:53:41 UTC
0.2582,0.06733117,0.1272941,eyJhbGciOiJub25lIn0.eyJpYXQiOjE2OTE3NzYyMTAsImp0aSI6ImFjNDJjYTU4LTZkYWQtNDE1Yy04ZmQxLTJiNjYxNjhhYmY0MyJ9.,2023-08-11 17:53:46 UTC
0.2737,0.04411363,0.1455294,eyJhbGciOiJub25lIn0.eyJpYXQiOjE2OTE3NzYyMTAsImp0aSI6ImFjNDJjYTU4LTZkYWQtNDE1Yy04ZmQxLTJiNjYxNjhhYmY0MyJ9.,2023-08-11 17:53:51 UTC
0.2839,0.06107475,0.1575294,eyJhbGciOiJub25lIn0.eyJpYXQiOjE2OTE3NzYyMTAsImp0aSI6ImFjNDJjYTU4LTZkYWQtNDE1Yy04ZmQxLTJiNjYxNjhhYmY0MyJ9.,2023-08-11 17:53:56 UTC
0.2959,0.04891368,0.1716471,eyJhbGciOiJub25lIn0.eyJpYXQiOjE2OTE3NzYyMTAsImp0aSI6ImFjNDJjYTU4LTZkYWQtNDE1Yy04ZmQxLTJiNjYxNjhhYmY0MyJ9.,2023-08-11 17:54:01 UTC
0.3019941,0.07085016,0.1788166,eyJhbGciOiJub25lIn0.eyJpYXQiOjE2OTE3NzYyMTAsImp0aSI6ImFjNDJjYTU4LTZkYWQtNDE1Yy04ZmQxLTJiNjYxNjhhYmY0MyJ9.,2023-08-11 17:54:06 UTC
0.3229952,0.09833807,0.2035238,eyJhbGciOiJub25lIn0.eyJpYXQiOjE2OTE3NzYyMTAsImp0aSI6ImFjNDJjYTU4LTZkYWQtNDE1Yy04ZmQxLTJiNjYxNjhhYmY0MyJ9.,2023-08-11 17:54:11 UTC
0.3506407,0.1172327,0.2360479,eyJhbGciOiJub25lIn0.eyJpYXQiOjE2OTE3NzYyMTAsImp0aSI6ImFjNDJjYTU4LTZkYWQtNDE1Yy04ZmQxLTJiNjYxNjhhYmY0MyJ9.,2023-08-11 17:54:16 UTC
0.3664355,0.1409969,0.25463,eyJhbGciOiJub25lIn0.eyJpYXQiOjE2OTE3NzYyMTAsImp0aSI6ImFjNDJjYTU4LTZkYWQtNDE1Yy04ZmQxLTJiNjYxNjhhYmY0MyJ9.,2023-08-11 17:54:21 UTC
0.3928334,0.1652173,0.2856863,eyJhbGciOiJub25lIn0.eyJpYXQiOjE2OTE3NzYyMTAsImp0aSI6ImFjNDJjYTU4LTZkYWQtNDE1Yy04ZmQxLTJiNjYxNjhhYmY0MyJ9.,2023-08-11 17:54:26 UTC
0.4236213,0.2235624,0.3219074,eyJhbGciOiJub25lIn0.eyJpYXQiOjE2OTE3NzYyMTAsImp0aSI6ImFjNDJjYTU4LTZkYWQtNDE1Yy04ZmQxLTJiNjYxNjhhYmY0MyJ9.,2023-08-11 17:54:31 UTC
0.460321,0.2918319,0.3650836,eyJhbGciOiJub25lIn0.eyJpYXQiOjE2OTE3NzYyMTAsImp0aSI6ImFjNDJjYTU4LTZkYWQtNDE1Yy04ZmQxLTJiNjYxNjhhYmY0MyJ9.,2023-08-11 17:54:36 UTC
0.4917263,0.4283734,0.0,eyJhbGciOiJub25lIn0.eyJpYXQiOjE2OTE3NzYyMTAsImp0aSI6ImFjNDJjYTU4LTZkYWQtNDE1Yy04ZmQxLTJiNjYxNjhhYmY0MyJ9.,2023-08-11 17:54:41 UTC
0.5147009,0.4677308,0.0,eyJhbGciOiJub25lIn0.eyJpYXQiOjE2OTE3NzYyMTAsImp0aSI6ImFjNDJjYTU4LTZkYWQtNDE1Yy04ZmQxLTJiNjYxNjhhYmY0MyJ9.,2023-08-11 17:54:46 UTC
0.5252371,0.4546234,0.0,eyJhbGciOiJub25lIn0.eyJpYXQiOjE2OTE3NzYyMTAsImp0aSI6ImFjNDJjYTU4LTZkYWQtNDE1Yy04ZmQxLTJiNjYxNjhhYmY0MyJ9.,2023-08-11 17:54:51 UTC
-0.0026,0.04604131,0.0,eyJhbGciOiJub25lIn0.eyJpYXQiOjE2OTE4MzE5MzEsImp0aSI6ImZhYzQ1N2JkLWRjNzgtNDI1MS1iZjU4LTc1OTdmYWJmMzEyYyJ9.,2023-08-12 09:22:00 UTC
0.002000001,0.06069248,0.0,eyJhbGciOiJub25lIn0.eyJpYXQiOjE2OTE4MzE5MzEsImp0aSI6ImZhYzQ1N2JkLWRjNzgtNDI1MS1iZjU4LTc1OTdmYWJmMzEyYyJ9.,2023-08-12 09:22:05 UTC
0.2554,0.07027891,0.124,eyJhbGciOiJub25lIn0.eyJpYXQiOjE2OTE4MzE5MzEsImp0aSI6ImZhYzQ1N2JkLWRjNzgtNDI1MS1iZjU4LTc1OTdmYWJmMzEyYyJ9.,2023-08-12 09:22:10 UTC
0.2158,0.06004203,0.07741176,eyJhbGciOiJub25lIn0.eyJpYXQiOjE2OTE4MzE5MzEsImp0aSI6ImZhYzQ1N2JkLWRjNzgtNDI1MS1iZjU4LTc1OTdmYWJmMzEyYyJ9.,2023-08-12 09:22:15 UTC
0.2162,0.04817424,0.07788236,eyJhbGciOiJub25lIn0.eyJpYXQiOjE2OTE4MzE5MzEsImp0aSI6ImZhYzQ1N2JkLWRjNzgtNDI1MS1iZjU4LTc1OTdmYWJmMzEyYyJ9.,2023-08-12 09:22:30 UTC
0.2193,0.06626502,0.08152941,eyJhbGciOiJub25lIn0.eyJpYXQiOjE2OTE4MzE5MzEsImp0aSI6ImZhYzQ1N2JkLWRjNzgtNDI1MS1iZjU4LTc1OTdmYWJmMzEyYyJ9.,2023-08-12 09:22:35 UTC
0.1686667,0.07281149,0.0,eyJhbGciOiJub25lIn0.eyJpYXQiOjE2OTE4MzE5MzEsImp0aSI6ImZhYzQ1N2JkLWRjNzgtNDI1MS1iZjU4LTc1OTdmYWJmMzEyYyJ9.,2023-08-12 09:22:40 UTC
0.2056909,0.05794268,0.0,eyJhbGciOiJub25lIn0.eyJpYXQiOjE2OTE4MzE5MzEsImp0aSI6ImZhYzQ1N2JkLWRjNzgtNDI1MS1iZjU4LTc1OTdmYWJmMzEyYyJ9.,2023-08-12 09:22:45 UTC
0.2099909,0.04769042,0.07057752,eyJhbGciOiJub25lIn0.eyJpYXQiOjE2OTE4MzE5MzEsImp0aSI6ImZhYzQ1N2JkLWRjNzgtNDI1MS1iZjU4LTc1OTdmYWJmMzEyYyJ9.,2023-08-12 09:22:50 UTC
0.2196,0.06404035,0.08188234,eyJhbGciOiJub25lIn0.eyJpYXQiOjE2OTE4MzE5MzEsImp0aSI6ImZhYzQ1N2JkLWRjNzgtNDI1MS1iZjU4LTc1OTdmYWJmMzEyYyJ9.,2023-08-12 09:22:59 UTC
0.2343462,0.0600697,0.09923078,eyJhbGciOiJub25lIn0.eyJpYXQiOjE2OTE4MzE5MzEsImp0aSI6ImZhYzQ1N2JkLWRjNzgtNDI1MS1iZjU4LTc1OTdmYWJmMzEyYyJ9.,2023-08-12 09:23:04 UTC
0.2324588,0.04993491,0.09701038,eyJhbGciOiJub25lIn0.eyJpYXQiOjE2OTE4MzE5MzEsImp0aSI6ImZhYzQ1N2JkLWRjNzgtNDI1MS1iZjU4LTc1OTdmYWJmMzEyYyJ9.,2023-08-12 09:23:09 UTC
0.2379286,0.06003496,0.1034454,eyJhbGciOiJub25lIn0.eyJpYXQiOjE2OTE4MzE5MzEsImp0aSI6ImZhYzQ1N2JkLWRjNzgtNDI1MS1iZjU4LTc1OTdmYWJmMzEyYyJ9.,2023-08-12 09:23:14 UTC
0.2534205,0.06241944,0.1216711,eyJhbGciOiJub25lIn0.eyJpYXQiOjE2OTE4MzE5MzEsImp0aSI6ImZhYzQ1N2JkLWRjNzgtNDI1MS1iZjU4LTc1OTdmYWJmMzEyYyJ9.,2023-08-12 09:23:19 UTC
0.2553988,0.06594338,0.1239985,eyJhbGciOiJub25lIn0.eyJpYXQiOjE2OTE4MzE5MzEsImp0aSI6ImZhYzQ1N2JkLWRjNzgtNDI1MS1iZjU4LTc1OTdmYWJmMzEyYyJ9.,2023-08-12 09:23:24 UTC
0.2637104,0.06187551,0.1337769,eyJhbGciOiJub25lIn0.eyJpYXQiOjE2OTE4MzE5MzEsImp0aSI6ImZhYzQ1N2JkLWRjNzgtNDI1MS1iZjU4LTc1OTdmYWJmMzEyYyJ9.,2023-08-12 09:23:29 UTC
0.2634412,0.06655002,0.1334602,eyJhbGciOiJub25lIn0.eyJpYXQiOjE2OTE4MzE5MzEsImp0aSI6ImZhYzQ1N2JkLWRjNzgtNDI1MS1iZjU4LTc1OTdmYWJmMzEyYyJ9.,2023-08-12 09:23:34 UTC
0.2926381,0.07685759,0.1678095,eyJhbGciOiJub25lIn0.eyJpYXQiOjE2OTE4MzE5MzEsImp0aSI6ImZhYzQ1N2JkLWRjNzgtNDI1MS1iZjU4LTc1OTdmYWJmMzEyYyJ9.,2023-08-12 09:23:39 UTC
0.2888144,0.05925106,0.163311,eyJhbGciOiJub25lIn0.eyJpYXQiOjE2OTE4MzE5MzEsImp0aSI6ImZhYzQ1N2JkLWRjNzgtNDI1MS1iZjU4LTc1OTdmYWJmMzEyYyJ9.,2023-08-12 09:23:44 UTC
0.2966058,0.09851763,0.1724774,eyJhbGciOiJub25lIn0.eyJpYXQiOjE2OTE4MzE5MzEsImp0aSI6ImZhYzQ1N2JkLWRjNzgtNDI1MS1iZjU4LTc1OTdmYWJmMzEyYyJ9.,2023-08-12 09:23:49 UTC
0.3134226,0.1240208,0.1922619,eyJhbGciOiJub25lIn0.eyJpYXQiOjE2OTE4MzE5MzEsImp0aSI6ImZhYzQ1N2JkLWRjNzgtNDI1MS1iZjU4LTc1OTdmYWJmMzEyYyJ9.,2023-08-12 09:23:54 UTC
0.3373334,0.1455522,0.2203922,eyJhbGciOiJub25lIn0.eyJpYXQiOjE2OTE4MzE5MzEsImp0aSI6ImZhYzQ1N2JkLWRjNzgtNDI1MS1iZjU4LTc1OTdmYWJmMzEyYyJ9.,2023-08-12 09:23:59 UTC
0.348818,0.1587607,0.2339036,eyJhbGciOiJub25lIn0.eyJpYXQiOjE2OTE4MzE5MzEsImp0aSI6ImZhYzQ1N2JkLWRjNzgtNDI1MS1iZjU4LTc1OTdmYWJmMzEyYyJ9.,2023-08-12 09:24:04 UTC
0.3660674,0.2051688,0.2541969,eyJhbGciOiJub25lIn0.eyJpYXQiOjE2OTE4MzE5MzEsImp0aSI6ImZhYzQ1N2JkLWRjNzgtNDI1MS1iZjU4LTc1OTdmYWJmMzEyYyJ9.,2023-08-12 09:24:09 UTC
0.3992021,0.2648637,0.0,eyJhbGciOiJub25lIn0.eyJpYXQiOjE2OTE4MzE5MzEsImp0aSI6ImZhYzQ1N2JkLWRjNzgtNDI1MS1iZjU4LTc1OTdmYWJmMzEyYyJ9.,2023-08-12 09:24:14 UTC
0.4101298,0.242794,0.3060351,eyJhbGciOiJub25lIn0.eyJpYXQiOjE2OTE4MzE5MzEsImp0aSI6ImZhYzQ1N2JkLWRjNzgtNDI1MS1iZjU4LTc1OTdmYWJmMzEyYyJ9.,2023-08-12 09:24:19 UTC
0.4215455,0.325345,0.0,eyJhbGciOiJub25lIn0.eyJpYXQiOjE2OTE4MzE5MzEsImp0aSI6ImZhYzQ1N2JkLWRjNzgtNDI1MS1iZjU4LTc1OTdmYWJmMzEyYyJ9.,2023-08-12 09:24:24 UTC
0.4417399,0.3613705,0.0,eyJhbGciOiJub25lIn0.eyJpYXQiOjE2OTE4MzE5MzEsImp0aSI6ImZhYzQ1N2JkLWRjNzgtNDI1MS1iZjU4LTc1OTdmYWJmMzEyYyJ9.,2023-08-12 09:24:29 UTC
0.4504336,0.2906607,0.3534512,eyJhbGciOiJub25lIn0.eyJpYXQiOjE2OTE4MzE5MzEsImp0aSI6ImZhYzQ1N2JkLWRjNzgtNDI1MS1iZjU4LTc1OTdmYWJmMzEyYyJ9.,2023-08-12 09:24:34 UTC
0.4840351,0.4199748,0.0,eyJhbGciOiJub25lIn0.eyJpYXQiOjE2OTE4MzE5MzEsImp0aSI6ImZhYzQ1N2JkLWRjNzgtNDI1MS1iZjU4LTc1OTdmYWJmMzEyYyJ9.,2023-08-12 09:24:39 UTC
0.5227735,0.4473771,0.0,eyJhbGciOiJub25lIn0.eyJpYXQiOjE2OTE4MzE5MzEsImp0aSI6ImZhYzQ1N2JkLWRjNzgtNDI1MS1iZjU4LTc1OTdmYWJmMzEyYyJ9.,2023-08-12 09:24:44 UTC
0.5391849,0.4631133,0.0,eyJhbGciOiJub25lIn0.eyJpYXQiOjE2OTE4MzE5MzEsImp0aSI6ImZhYzQ1N2JkLWRjNzgtNDI1MS1iZjU4LTc1OTdmYWJmMzEyYyJ9.,2023-08-12 09:24:49 UTC
-0.0026,0.05085048,0.0,eyJhbGciOiJub25lIn0.eyJpYXQiOjE2OTE4MzI0NTgsImp0aSI6ImM0NzFiZDZiLTMyYmUtNDk5Zi1iNjU5LTA1MTgwODk5OTZiMyJ9.,2023-08-12 09:29:52 UTC
0.2091,0.06703027,0.0,eyJhbGciOiJub25lIn0.eyJpYXQiOjE2OTE4MzI0NTgsImp0aSI6ImM0NzFiZDZiLTMyYmUtNDk5Zi1iNjU5LTA1MTgwODk5OTZiMyJ9.,2023-08-12 09:29:57 UTC
0.1844667,0.0681297,0.0,eyJhbGciOiJub25lIn0.eyJpYXQiOjE2OTE4MzI0NTgsImp0aSI6ImM0NzFiZDZiLTMyYmUtNDk5Zi1iNjU5LTA1MTgwODk5OTZiMyJ9.,2023-08-12 09:30:02 UTC
0.1914667,0.05730455,0.0,eyJhbGciOiJub25lIn0.eyJpYXQiOjE2OTE4MzI0NTgsImp0aSI6ImM0NzFiZDZiLTMyYmUtNDk5Zi1iNjU5LTA1MTgwODk5OTZiMyJ9.,2023-08-12 09:30:07 UTC
0.211013,0.05893616,0.07178005,eyJhbGciOiJub25lIn0.eyJpYXQiOjE2OTE4MzI0NTgsImp0aSI6ImM0NzFiZDZiLTMyYmUtNDk5Zi1iNjU5LTA1MTgwODk5OTZiMyJ9.,2023-08-12 09:30:12 UTC
0.20825,0.05929684,0.0,eyJhbGciOiJub25lIn0.eyJpYXQiOjE2OTE4MzI0NTgsImp0aSI6ImM0NzFiZDZiLTMyYmUtNDk5Zi1iNjU5LTA1MTgwODk5OTZiMyJ9.,2023-08-12 09:30:17 UTC
0.2267622,0.04493051,0.09030842,eyJhbGciOiJub25lIn0.eyJpYXQiOjE2OTE4MzI0NTgsImp0aSI6ImM0NzFiZDZiLTMyYmUtNDk5Zi1iNjU5LTA1MTgwODk5OTZiMyJ9.,2023-08-12 09:30:22 UTC
0.2301622,0.05318326,0.09430844,eyJhbGciOiJub25lIn0.eyJpYXQiOjE2OTE4MzI0NTgsImp0aSI6ImM0NzFiZDZiLTMyYmUtNDk5Zi1iNjU5LTA1MTgwODk5OTZiMyJ9.,2023-08-12 09:30:27 UTC
0.2471317,0.0626428,0.1142726,eyJhbGciOiJub25lIn0.eyJpYXQiOjE2OTE4MzI0NTgsImp0aSI6ImM0NzFiZDZiLTMyYmUtNDk5Zi1iNjU5LTA1MTgwODk5OTZiMyJ9.,2023-08-12 09:30:32 UTC
0.2574128,0.06774806,0.1263679,eyJhbGciOiJub25lIn0.eyJpYXQiOjE2OTE4MzI0NTgsImp0aSI6ImM0NzFiZDZiLTMyYmUtNDk5Zi1iNjU5LTA1MTgwODk5OTZiMyJ9.,2023-08-12 09:30:37 UTC
0.2731283,0.05589302,0.1448568,eyJhbGciOiJub25lIn0.eyJpYXQiOjE2OTE4MzI0NTgsImp0aSI6ImM0NzFiZDZiLTMyYmUtNDk5Zi1iNjU5LTA1MTgwODk5OTZiMyJ9.,2023-08-12 09:30:42 UTC
0.2754197,0.07126492,0.1475525,eyJhbGciOiJub25lIn0.eyJpYXQiOjE2OTE4MzI0NTgsImp0aSI6ImM0NzFiZDZiLTMyYmUtNDk5Zi1iNjU5LTA1MTgwODk5OTZiMyJ9.,2023-08-12 09:30:52 UTC
0.3288942,0.1054833,0.2104637,eyJhbGciOiJub25lIn0.eyJpYXQiOjE2OTE4MzI0NTgsImp0aSI6ImM0NzFiZDZiLTMyYmUtNDk5Zi1iNjU5LTA1MTgwODk5OTZiMyJ9.,2023-08-12 09:31:12 UTC
0.4797515,0.3299415,0.0,eyJhbGciOiJub25lIn0.eyJpYXQiOjE2OTE4MzI0NTgsImp0aSI6ImM0NzFiZDZiLTMyYmUtNDk5Zi1iNjU5LTA1MTgwODk5OTZiMyJ9.,2023-08-12 09:31:57 UTC
0.5040248,0.3339546,0.4164998,eyJhbGciOiJub25lIn0.eyJpYXQiOjE2OTE4MzI0NTgsImp0aSI6ImM0NzFiZDZiLTMyYmUtNDk5Zi1iNjU5LTA1MTgwODk5OTZiMyJ9.,2023-08-12 09:32:02 UTC
0.2754667,0.05967683,0.1476078,eyJhbGciOiJub25lIn0.eyJpYXQiOjE2OTE4MzI0NTgsImp0aSI6ImM0NzFiZDZiLTMyYmUtNDk5Zi1iNjU5LTA1MTgwODk5OTZiMyJ9.,2023-08-12 09:30:47 UTC
0.2982319,0.06281911,0.1743905,eyJhbGciOiJub25lIn0.eyJpYXQiOjE2OTE4MzI0NTgsImp0aSI6ImM0NzFiZDZiLTMyYmUtNDk5Zi1iNjU5LTA1MTgwODk5OTZiMyJ9.,2023-08-12 09:30:57 UTC
0.349492,0.1718884,0.2346964,eyJhbGciOiJub25lIn0.eyJpYXQiOjE2OTE4MzI0NTgsImp0aSI6ImM0NzFiZDZiLTMyYmUtNDk5Zi1iNjU5LTA1MTgwODk5OTZiMyJ9.,2023-08-12 09:31:22 UTC
0.3681507,0.202729,0.2566479,eyJhbGciOiJub25lIn0.eyJpYXQiOjE2OTE4MzI0NTgsImp0aSI6ImM0NzFiZDZiLTMyYmUtNDk5Zi1iNjU5LTA1MTgwODk5OTZiMyJ9.,2023-08-12 09:31:27 UTC
0.3762769,0.2749193,0.0,eyJhbGciOiJub25lIn0.eyJpYXQiOjE2OTE4MzI0NTgsImp0aSI6ImM0NzFiZDZiLTMyYmUtNDk5Zi1iNjU5LTA1MTgwODk5OTZiMyJ9.,2023-08-12 09:31:32 UTC
0.3782273,0.2694266,0.0,eyJhbGciOiJub25lIn0.eyJpYXQiOjE2OTE4MzI0NTgsImp0aSI6ImM0NzFiZDZiLTMyYmUtNDk5Zi1iNjU5LTA1MTgwODk5OTZiMyJ9.,2023-08-12 09:31:37 UTC
0.4356146,0.2645195,0.3360172,eyJhbGciOiJub25lIn0.eyJpYXQiOjE2OTE4MzI0NTgsImp0aSI6ImM0NzFiZDZiLTMyYmUtNDk5Zi1iNjU5LTA1MTgwODk5OTZiMyJ9.,2023-08-12 09:31:47 UTC
0.4534904,0.3380571,0.0,eyJhbGciOiJub25lIn0.eyJpYXQiOjE2OTE4MzI0NTgsImp0aSI6ImM0NzFiZDZiLTMyYmUtNDk5Zi1iNjU5LTA1MTgwODk5OTZiMyJ9.,2023-08-12 09:31:52 UTC
0.3014167,0.06890149,0.1781372,eyJhbGciOiJub25lIn0.eyJpYXQiOjE2OTE4MzI0NTgsImp0aSI6ImM0NzFiZDZiLTMyYmUtNDk5Zi1iNjU5LTA1MTgwODk5OTZiMyJ9.,2023-08-12 09:31:02 UTC
0.3199595,0.1009311,0.1999524,eyJhbGciOiJub25lIn0.eyJpYXQiOjE2OTE4MzI0NTgsImp0aSI6ImM0NzFiZDZiLTMyYmUtNDk5Zi1iNjU5LTA1MTgwODk5OTZiMyJ9.,2023-08-12 09:31:07 UTC
0.3442742,0.1286806,0.2285579,eyJhbGciOiJub25lIn0.eyJpYXQiOjE2OTE4MzI0NTgsImp0aSI6ImM0NzFiZDZiLTMyYmUtNDk5Zi1iNjU5LTA1MTgwODk5OTZiMyJ9.,2023-08-12 09:31:17 UTC
0.3995248,0.2916009,0.0,eyJhbGciOiJub25lIn0.eyJpYXQiOjE2OTE4MzI0NTgsImp0aSI6ImM0NzFiZDZiLTMyYmUtNDk5Zi1iNjU5LTA1MTgwODk5OTZiMyJ9.,2023-08-12 09:31:42 UTC
0.5126087,0.4560663,0.0,eyJhbGciOiJub25lIn0.eyJpYXQiOjE2OTE4MzI0NTgsImp0aSI6ImM0NzFiZDZiLTMyYmUtNDk5Zi1iNjU5LTA1MTgwODk5OTZiMyJ9.,2023-08-12 09:32:07 UTC
0.502,0.4490297,0.0,eyJhbGciOiJub25lIn0.eyJpYXQiOjE2OTE4MzI0NTgsImp0aSI6ImM0NzFiZDZiLTMyYmUtNDk5Zi1iNjU5LTA1MTgwODk5OTZiMyJ9.,2023-08-12 09:32:12 UTC
-0.0026,0.05364936,0.0,eyJhbGciOiJub25lIn0.eyJpYXQiOjE2OTE4NDIzMTgsImp0aSI6IjU3NTEyODM0LWU4ZGUtNGNjNi1iN2Q1LTI4NTQxY2RkMjkwZSJ9.,2023-08-12 12:29:39 UTC
0.203,0.0553502,0.0,eyJhbGciOiJub25lIn0.eyJpYXQiOjE2OTE4NTA2MjIsImp0aSI6IjM4NzQzZjMxLWZmNzYtNDJmNi05ZjM1LWJhZDgyY2EwNmI5ZSJ9.,2023-08-12 14:36:14 UTC
0.2345857,0.04782459,0.0995126,eyJhbGciOiJub25lIn0.eyJpYXQiOjE2OTE4NTA2MjIsImp0aSI6IjM4NzQzZjMxLWZmNzYtNDJmNi05ZjM1LWJhZDgyY2EwNmI5ZSJ9.,2023-08-12 14:37:13 UTC
-0.002,0.04754302,0.0,eyJhbGciOiJub25lIn0.eyJpYXQiOjE2OTIwOTI5NDUsImp0aSI6IjM4MmY4MDAwLTc1MmEtNDNmNS05MTNiLTMyZjdiYzc4NzM4NyJ9.,2023-08-15 09:50:42 UTC
0.2513692,0.06006883,0.1192579,eyJhbGciOiJub25lIn0.eyJpYXQiOjE2OTIwOTI5NDUsImp0aSI6IjM4MmY4MDAwLTc1MmEtNDNmNS05MTNiLTMyZjdiYzc4NzM4NyJ9.,2023-08-15 09:50:46 UTC
0.2518222,0.05423561,0.1197909,eyJhbGciOiJub25lIn0.eyJpYXQiOjE2OTIwOTI5NDUsImp0aSI6IjM4MmY4MDAwLTc1MmEtNDNmNS05MTNiLTMyZjdiYzc4NzM4NyJ9.,2023-08-15 09:50:51 UTC
0.2679727,0.06602128,0.1387915,eyJhbGciOiJub25lIn0.eyJpYXQiOjE2OTIwOTI5NDUsImp0aSI6IjM4MmY4MDAwLTc1MmEtNDNmNS05MTNiLTMyZjdiYzc4NzM4NyJ9.,2023-08-15 09:50:56 UTC
0.2834692,0.05791748,0.1570226,eyJhbGciOiJub25lIn0.eyJpYXQiOjE2OTIwOTI5NDUsImp0aSI6IjM4MmY4MDAwLTc1MmEtNDNmNS05MTNiLTMyZjdiYzc4NzM4NyJ9.,2023-08-15 09:51:01 UTC
-0.0023,0.04629708,0.0,eyJhbGciOiJub25lIn0.eyJpYXQiOjE2OTIwOTQ3MTQsImp0aSI6ImU5ZWEyOGVkLTgyNzAtNDM4Yy1iNDA2LTFiZGI4YzY5MTM0MSJ9.,2023-08-15 10:21:32 UTC
0.2088,0.05164967,0.06917647,eyJhbGciOiJub25lIn0.eyJpYXQiOjE2OTIwOTQ3MTQsImp0aSI6ImU5ZWEyOGVkLTgyNzAtNDM4Yy1iNDA2LTFiZGI4YzY5MTM0MSJ9.,2023-08-15 10:21:37 UTC
0.2406222,0.05921534,0.1066144,eyJhbGciOiJub25lIn0.eyJpYXQiOjE2OTIwOTQ3MTQsImp0aSI6ImU5ZWEyOGVkLTgyNzAtNDM4Yy1iNDA2LTFiZGI4YzY5MTM0MSJ9.,2023-08-15 10:21:42 UTC
0.2709941,0.05627145,0.142346,eyJhbGciOiJub25lIn0.eyJpYXQiOjE2OTIwOTQ3MTQsImp0aSI6ImU5ZWEyOGVkLTgyNzAtNDM4Yy1iNDA2LTFiZGI4YzY5MTM0MSJ9.,2023-08-15 10:21:47 UTC
0.2866952,0.0436011,0.1608179,eyJhbGciOiJub25lIn0.eyJpYXQiOjE2OTIwOTQ3MTQsImp0aSI6ImU5ZWEyOGVkLTgyNzAtNDM4Yy1iNDA2LTFiZGI4YzY5MTM0MSJ9.,2023-08-15 10:21:52 UTC
0.2982,0.05548059,0.1743529,eyJhbGciOiJub25lIn0.eyJpYXQiOjE2OTIwOTQ3MTQsImp0aSI6ImU5ZWEyOGVkLTgyNzAtNDM4Yy1iNDA2LTFiZGI4YzY5MTM0MSJ9.,2023-08-15 10:21:57 UTC
0.3025,0.06341185,0.1794117,eyJhbGciOiJub25lIn0.eyJpYXQiOjE2OTIwOTQ3MTQsImp0aSI6ImU5ZWEyOGVkLTgyNzAtNDM4Yy1iNDA2LTFiZGI4YzY5MTM0MSJ9.,2023-08-15 10:22:02 UTC
0.3158793,0.08368139,0.1951521,eyJhbGciOiJub25lIn0.eyJpYXQiOjE2OTIwOTQ3MTQsImp0aSI6ImU5ZWEyOGVkLTgyNzAtNDM4Yy1iNDA2LTFiZGI4YzY5MTM0MSJ9.,2023-08-15 10:22:07 UTC
0.3268242,0.1090252,0.2080285,eyJhbGciOiJub25lIn0.eyJpYXQiOjE2OTIwOTQ3MTQsImp0aSI6ImU5ZWEyOGVkLTgyNzAtNDM4Yy1iNDA2LTFiZGI4YzY5MTM0MSJ9.,2023-08-15 10:22:12 UTC
0.3440861,0.1467521,0.2283365,eyJhbGciOiJub25lIn0.eyJpYXQiOjE2OTIwOTQ3MTQsImp0aSI6ImU5ZWEyOGVkLTgyNzAtNDM4Yy1iNDA2LTFiZGI4YzY5MTM0MSJ9.,2023-08-15 10:22:17 UTC
0.3853243,0.1744127,0.2768521,eyJhbGciOiJub25lIn0.eyJpYXQiOjE2OTIwOTQ3MTQsImp0aSI6ImU5ZWEyOGVkLTgyNzAtNDM4Yy1iNDA2LTFiZGI4YzY5MTM0MSJ9.,2023-08-15 10:22:22 UTC
0.3840692,0.2086692,0.2753756,eyJhbGciOiJub25lIn0.eyJpYXQiOjE2OTIwOTQ3MTQsImp0aSI6ImU5ZWEyOGVkLTgyNzAtNDM4Yy1iNDA2LTFiZGI4YzY5MTM0MSJ9.,2023-08-15 10:22:27 UTC
0.3891374,0.252074,0.0,eyJhbGciOiJub25lIn0.eyJpYXQiOjE2OTIwOTQ3MTQsImp0aSI6ImU5ZWEyOGVkLTgyNzAtNDM4Yy1iNDA2LTFiZGI4YzY5MTM0MSJ9.,2023-08-15 10:22:32 UTC
0.407413,0.2302668,0.3028389,eyJhbGciOiJub25lIn0.eyJpYXQiOjE2OTIwOTQ3MTQsImp0aSI6ImU5ZWEyOGVkLTgyNzAtNDM4Yy1iNDA2LTFiZGI4YzY5MTM0MSJ9.,2023-08-15 10:22:37 UTC
0.4185172,0.306872,0.0,eyJhbGciOiJub25lIn0.eyJpYXQiOjE2OTIwOTQ3MTQsImp0aSI6ImU5ZWEyOGVkLTgyNzAtNDM4Yy1iNDA2LTFiZGI4YzY5MTM0MSJ9.,2023-08-15 10:22:42 UTC
0.4414538,0.3102119,0.0,eyJhbGciOiJub25lIn0.eyJpYXQiOjE2OTIwOTQ3MTQsImp0aSI6ImU5ZWEyOGVkLTgyNzAtNDM4Yy1iNDA2LTFiZGI4YzY5MTM0MSJ9.,2023-08-15 10:22:47 UTC
0.457223,0.3098316,0.0,eyJhbGciOiJub25lIn0.eyJpYXQiOjE2OTIwOTQ3MTQsImp0aSI6ImU5ZWEyOGVkLTgyNzAtNDM4Yy1iNDA2LTFiZGI4YzY5MTM0MSJ9.,2023-08-15 10:22:52 UTC
0.474069,0.2966837,0.3812577,eyJhbGciOiJub25lIn0.eyJpYXQiOjE2OTIwOTQ3MTQsImp0aSI6ImU5ZWEyOGVkLTgyNzAtNDM4Yy1iNDA2LTFiZGI4YzY5MTM0MSJ9.,2023-08-15 10:22:57 UTC
0.4634677,0.4342743,0.0,eyJhbGciOiJub25lIn0.eyJpYXQiOjE2OTIwOTQ3MTQsImp0aSI6ImU5ZWEyOGVkLTgyNzAtNDM4Yy1iNDA2LTFiZGI4YzY5MTM0MSJ9.,2023-08-15 10:23:02 UTC
-0.0026,0.05188798,0.0,eyJhbGciOiJub25lIn0.eyJpYXQiOjE2OTIwOTg4NzgsImp0aSI6ImY5Y2VkZjAzLWM1ZWMtNDg0NC1iZGJjLWNkOGU2MjY1ZGJhZCJ9.,2023-08-15 11:30:36 UTC
0.2588,0.0486346,0.128,eyJhbGciOiJub25lIn0.eyJpYXQiOjE2OTIwOTg4NzgsImp0aSI6ImY5Y2VkZjAzLWM1ZWMtNDg0NC1iZGJjLWNkOGU2MjY1ZGJhZCJ9.,2023-08-15 11:30:41 UTC
0.2684,0.05382087,0.1392941,eyJhbGciOiJub25lIn0.eyJpYXQiOjE2OTIwOTg4NzgsImp0aSI6ImY5Y2VkZjAzLWM1ZWMtNDg0NC1iZGJjLWNkOGU2MjY1ZGJhZCJ9.,2023-08-15 11:30:46 UTC
0.2842,0.05833712,0.1578824,eyJhbGciOiJub25lIn0.eyJpYXQiOjE2OTIwOTg4NzgsImp0aSI6ImY5Y2VkZjAzLWM1ZWMtNDg0NC1iZGJjLWNkOGU2MjY1ZGJhZCJ9.,2023-08-15 11:30:51 UTC
0.3033,0.05343566,0.1803529,eyJhbGciOiJub25lIn0.eyJpYXQiOjE2OTIwOTg4NzgsImp0aSI6ImY5Y2VkZjAzLWM1ZWMtNDg0NC1iZGJjLWNkOGU2MjY1ZGJhZCJ9.,2023-08-15 11:30:56 UTC
0.3091243,0.08151349,0.187205,eyJhbGciOiJub25lIn0.eyJpYXQiOjE2OTIwOTg4NzgsImp0aSI6ImY5Y2VkZjAzLWM1ZWMtNDg0NC1iZGJjLWNkOGU2MjY1ZGJhZCJ9.,2023-08-15 11:31:01 UTC
0.3240432,0.0931593,0.2047568,eyJhbGciOiJub25lIn0.eyJpYXQiOjE2OTIwOTg4NzgsImp0aSI6ImY5Y2VkZjAzLWM1ZWMtNDg0NC1iZGJjLWNkOGU2MjY1ZGJhZCJ9.,2023-08-15 11:31:06 UTC
0.3404941,0.115409,0.2241107,eyJhbGciOiJub25lIn0.eyJpYXQiOjE2OTIwOTg4NzgsImp0aSI6ImY5Y2VkZjAzLWM1ZWMtNDg0NC1iZGJjLWNkOGU2MjY1ZGJhZCJ9.,2023-08-15 11:31:11 UTC
0.3581049,0.1385852,0.2448293,eyJhbGciOiJub25lIn0.eyJpYXQiOjE2OTIwOTg4NzgsImp0aSI6ImY5Y2VkZjAzLWM1ZWMtNDg0NC1iZGJjLWNkOGU2MjY1ZGJhZCJ9.,2023-08-15 11:31:16 UTC
0.3582667,0.1729293,0.2450196,eyJhbGciOiJub25lIn0.eyJpYXQiOjE2OTIwOTg4NzgsImp0aSI6ImY5Y2VkZjAzLWM1ZWMtNDg0NC1iZGJjLWNkOGU2MjY1ZGJhZCJ9.,2023-08-15 11:31:21 UTC
0.3753091,0.2152598,0.2650695,eyJhbGciOiJub25lIn0.eyJpYXQiOjE2OTIwOTg4NzgsImp0aSI6ImY5Y2VkZjAzLWM1ZWMtNDg0NC1iZGJjLWNkOGU2MjY1ZGJhZCJ9.,2023-08-15 11:31:26 UTC
0.38195,0.25037,0.0,eyJhbGciOiJub25lIn0.eyJpYXQiOjE2OTIwOTg4NzgsImp0aSI6ImY5Y2VkZjAzLWM1ZWMtNDg0NC1iZGJjLWNkOGU2MjY1ZGJhZCJ9.,2023-08-15 11:31:31 UTC
0.2527,0.05791043,0.1208235,eyJhbGciOiJub25lIn0.eyJpYXQiOjE2OTIwOTkxNTQsImp0aSI6ImU3NTU4ZDk0LTYzODItNDMzYy1iMzcxLTEwYTkwMjhhMThlOSJ9.,2023-08-15 11:34:57 UTC
0.2663111,0.06191272,0.1368366,eyJhbGciOiJub25lIn0.eyJpYXQiOjE2OTIwOTkxNTQsImp0aSI6ImU3NTU4ZDk0LTYzODItNDMzYy1iMzcxLTEwYTkwMjhhMThlOSJ9.,2023-08-15 11:35:07 UTC
0.3509408,0.100258,0.2364009,eyJhbGciOiJub25lIn0.eyJpYXQiOjE2OTIwOTkxNTQsImp0aSI6ImU3NTU4ZDk0LTYzODItNDMzYy1iMzcxLTEwYTkwMjhhMThlOSJ9.,2023-08-15 11:35:32 UTC
0.3608793,0.1056684,0.2480933,eyJhbGciOiJub25lIn0.eyJpYXQiOjE2OTIwOTkxNTQsImp0aSI6ImU3NTU4ZDk0LTYzODItNDMzYy1iMzcxLTEwYTkwMjhhMThlOSJ9.,2023-08-15 11:35:37 UTC
0.3679242,0.1531453,0.2563815,eyJhbGciOiJub25lIn0.eyJpYXQiOjE2OTIwOTkxNTQsImp0aSI6ImU3NTU4ZDk0LTYzODItNDMzYy1iMzcxLTEwYTkwMjhhMThlOSJ9.,2023-08-15 11:35:42 UTC
0.3937721,0.1634992,0.2867907,eyJhbGciOiJub25lIn0.eyJpYXQiOjE2OTIwOTkxNTQsImp0aSI6ImU3NTU4ZDk0LTYzODItNDMzYy1iMzcxLTEwYTkwMjhhMThlOSJ9.,2023-08-15 11:35:47 UTC
0.4270275,0.2722749,0.3259147,eyJhbGciOiJub25lIn0.eyJpYXQiOjE2OTIwOTkxNTQsImp0aSI6ImU3NTU4ZDk0LTYzODItNDMzYy1iMzcxLTEwYTkwMjhhMThlOSJ9.,2023-08-15 11:35:57 UTC
0.5234694,0.4108895,0.0,eyJhbGciOiJub25lIn0.eyJpYXQiOjE2OTIwOTkxNTQsImp0aSI6ImU3NTU4ZDk0LTYzODItNDMzYy1iMzcxLTEwYTkwMjhhMThlOSJ9.,2023-08-15 11:36:17 UTC
0.2513692,0.0530701,0.1192579,eyJhbGciOiJub25lIn0.eyJpYXQiOjE2OTIwOTkxNTQsImp0aSI6ImU3NTU4ZDk0LTYzODItNDMzYy1iMzcxLTEwYTkwMjhhMThlOSJ9.,2023-08-15 11:35:02 UTC
0.3341305,0.05679459,0.2166241,eyJhbGciOiJub25lIn0.eyJpYXQiOjE2OTIwOTkxNTQsImp0aSI6ImU3NTU4ZDk0LTYzODItNDMzYy1iMzcxLTEwYTkwMjhhMThlOSJ9.,2023-08-15 11:35:27 UTC
0.4097833,0.215176,0.3056274,eyJhbGciOiJub25lIn0.eyJpYXQiOjE2OTIwOTkxNTQsImp0aSI6ImU3NTU4ZDk0LTYzODItNDMzYy1iMzcxLTEwYTkwMjhhMThlOSJ9.,2023-08-15 11:35:52 UTC
0.4879669,0.395106,0.0,eyJhbGciOiJub25lIn0.eyJpYXQiOjE2OTIwOTkxNTQsImp0aSI6ImU3NTU4ZDk0LTYzODItNDMzYy1iMzcxLTEwYTkwMjhhMThlOSJ9.,2023-08-15 11:36:12 UTC
0.5663632,0.4284281,0.0,eyJhbGciOiJub25lIn0.eyJpYXQiOjE2OTIwOTkxNTQsImp0aSI6ImU3NTU4ZDk0LTYzODItNDMzYy1iMzcxLTEwYTkwMjhhMThlOSJ9.,2023-08-15 11:36:22 UTC
0.2782692,0.05364465,0.150905,eyJhbGciOiJub25lIn0.eyJpYXQiOjE2OTIwOTkxNTQsImp0aSI6ImU3NTU4ZDk0LTYzODItNDMzYy1iMzcxLTEwYTkwMjhhMThlOSJ9.,2023-08-15 11:35:12 UTC
0.2860586,0.05586127,0.160069,eyJhbGciOiJub25lIn0.eyJpYXQiOjE2OTIwOTkxNTQsImp0aSI6ImU3NTU4ZDk0LTYzODItNDMzYy1iMzcxLTEwYTkwMjhhMThlOSJ9.,2023-08-15 11:35:17 UTC
0.3109421,0.07129183,0.1893437,eyJhbGciOiJub25lIn0.eyJpYXQiOjE2OTIwOTkxNTQsImp0aSI6ImU3NTU4ZDk0LTYzODItNDMzYy1iMzcxLTEwYTkwMjhhMThlOSJ9.,2023-08-15 11:35:22 UTC
0.4519964,0.4084149,0.0,eyJhbGciOiJub25lIn0.eyJpYXQiOjE2OTIwOTkxNTQsImp0aSI6ImU3NTU4ZDk0LTYzODItNDMzYy1iMzcxLTEwYTkwMjhhMThlOSJ9.,2023-08-15 11:36:02 UTC
0.4665459,0.3933583,0.0,eyJhbGciOiJub25lIn0.eyJpYXQiOjE2OTIwOTkxNTQsImp0aSI6ImU3NTU4ZDk0LTYzODItNDMzYy1iMzcxLTEwYTkwMjhhMThlOSJ9.,2023-08-15 11:36:07 UTC
-0.0023,0.04872954,0.0,eyJhbGciOiJub25lIn0.eyJpYXQiOjE2OTIxMDE1NTgsImp0aSI6IjE2NzhmZDNlLWNmZTgtNGY4OS1hZGUxLTg1N2I4ZDcxZjRlNiJ9.,2023-08-15 12:14:40 UTC
0.2579,0.05851126,0.1269412,eyJhbGciOiJub25lIn0.eyJpYXQiOjE2OTIxMDE1NTgsImp0aSI6IjE2NzhmZDNlLWNmZTgtNGY4OS1hZGUxLTg1N2I4ZDcxZjRlNiJ9.,2023-08-15 12:14:45 UTC
0.2675,0.04337756,0.1382353,eyJhbGciOiJub25lIn0.eyJpYXQiOjE2OTIxMDE1NTgsImp0aSI6IjE2NzhmZDNlLWNmZTgtNGY4OS1hZGUxLTg1N2I4ZDcxZjRlNiJ9.,2023-08-15 12:14:50 UTC
0.2783,0.05791802,0.1509412,eyJhbGciOiJub25lIn0.eyJpYXQiOjE2OTIxMDE1NTgsImp0aSI6IjE2NzhmZDNlLWNmZTgtNGY4OS1hZGUxLTg1N2I4ZDcxZjRlNiJ9.,2023-08-15 12:14:55 UTC
0.2755941,0.06297453,0.1477578,eyJhbGciOiJub25lIn0.eyJpYXQiOjE2OTIxMDE1NTgsImp0aSI6IjE2NzhmZDNlLWNmZTgtNGY4OS1hZGUxLTg1N2I4ZDcxZjRlNiJ9.,2023-08-15 12:15:00 UTC
0.2859692,0.05524703,0.1599638,eyJhbGciOiJub25lIn0.eyJpYXQiOjE2OTIxMDE1NTgsImp0aSI6IjE2NzhmZDNlLWNmZTgtNGY4OS1hZGUxLTg1N2I4ZDcxZjRlNiJ9.,2023-08-15 12:15:05 UTC
0.3016714,0.06925777,0.178437,eyJhbGciOiJub25lIn0.eyJpYXQiOjE2OTIxMDE1NTgsImp0aSI6IjE2NzhmZDNlLWNmZTgtNGY4OS1hZGUxLTg1N2I4ZDcxZjRlNiJ9.,2023-08-15 12:15:10 UTC
0.3222898,0.07349218,0.2026939,eyJhbGciOiJub25lIn0.eyJpYXQiOjE2OTIxMDE1NTgsImp0aSI6IjE2NzhmZDNlLWNmZTgtNGY4OS1hZGUxLTg1N2I4ZDcxZjRlNiJ9.,2023-08-15 12:15:15 UTC
0.3341151,0.08939059,0.216606,eyJhbGciOiJub25lIn0.eyJpYXQiOjE2OTIxMDE1NTgsImp0aSI6IjE2NzhmZDNlLWNmZTgtNGY4OS1hZGUxLTg1N2I4ZDcxZjRlNiJ9.,2023-08-15 12:15:20 UTC
0.3468702,0.09831277,0.2316119,eyJhbGciOiJub25lIn0.eyJpYXQiOjE2OTIxMDE1NTgsImp0aSI6IjE2NzhmZDNlLWNmZTgtNGY4OS1hZGUxLTg1N2I4ZDcxZjRlNiJ9.,2023-08-15 12:15:25 UTC
0.3719944,0.1516446,0.2611699,eyJhbGciOiJub25lIn0.eyJpYXQiOjE2OTIxMDE1NTgsImp0aSI6IjE2NzhmZDNlLWNmZTgtNGY4OS1hZGUxLTg1N2I4ZDcxZjRlNiJ9.,2023-08-15 12:15:30 UTC
0.3806667,0.1595773,0.2713726,eyJhbGciOiJub25lIn0.eyJpYXQiOjE2OTIxMDE1NTgsImp0aSI6IjE2NzhmZDNlLWNmZTgtNGY4OS1hZGUxLTg1N2I4ZDcxZjRlNiJ9.,2023-08-15 12:15:35 UTC
0.3854752,0.2050499,0.2770296,eyJhbGciOiJub25lIn0.eyJpYXQiOjE2OTIxMDE1NTgsImp0aSI6IjE2NzhmZDNlLWNmZTgtNGY4OS1hZGUxLTg1N2I4ZDcxZjRlNiJ9.,2023-08-15 12:15:40 UTC
0.3864348,0.2330641,0.2781586,eyJhbGciOiJub25lIn0.eyJpYXQiOjE2OTIxMDE1NTgsImp0aSI6IjE2NzhmZDNlLWNmZTgtNGY4OS1hZGUxLTg1N2I4ZDcxZjRlNiJ9.,2023-08-15 12:15:45 UTC
0.4229348,0.3070594,0.0,eyJhbGciOiJub25lIn0.eyJpYXQiOjE2OTIxMDE1NTgsImp0aSI6IjE2NzhmZDNlLWNmZTgtNGY4OS1hZGUxLTg1N2I4ZDcxZjRlNiJ9.,2023-08-15 12:15:50 UTC
0.4390372,0.271134,0.3400438,eyJhbGciOiJub25lIn0.eyJpYXQiOjE2OTIxMDE1NTgsImp0aSI6IjE2NzhmZDNlLWNmZTgtNGY4OS1hZGUxLTg1N2I4ZDcxZjRlNiJ9.,2023-08-15 12:15:55 UTC
0.4449196,0.3880244,0.0,eyJhbGciOiJub25lIn0.eyJpYXQiOjE2OTIxMDE1NTgsImp0aSI6IjE2NzhmZDNlLWNmZTgtNGY4OS1hZGUxLTg1N2I4ZDcxZjRlNiJ9.,2023-08-15 12:16:00 UTC
0.4652624,0.4161843,0.0,eyJhbGciOiJub25lIn0.eyJpYXQiOjE2OTIxMDE1NTgsImp0aSI6IjE2NzhmZDNlLWNmZTgtNGY4OS1hZGUxLTg1N2I4ZDcxZjRlNiJ9.,2023-08-15 12:16:05 UTC
0.495271,0.4241455,0.0,eyJhbGciOiJub25lIn0.eyJpYXQiOjE2OTIxMDE1NTgsImp0aSI6IjE2NzhmZDNlLWNmZTgtNGY4OS1hZGUxLTg1N2I4ZDcxZjRlNiJ9.,2023-08-15 12:16:10 UTC
0.5230268,0.4384836,0.0,eyJhbGciOiJub25lIn0.eyJpYXQiOjE2OTIxMDE1NTgsImp0aSI6IjE2NzhmZDNlLWNmZTgtNGY4OS1hZGUxLTg1N2I4ZDcxZjRlNiJ9.,2023-08-15 12:16:15 UTC
0.5437661,0.4350715,0.0,eyJhbGciOiJub25lIn0.eyJpYXQiOjE2OTIxMDE1NTgsImp0aSI6IjE2NzhmZDNlLWNmZTgtNGY4OS1hZGUxLTg1N2I4ZDcxZjRlNiJ9.,2023-08-15 12:16:20 UTC
0.5754681,0.4660535,0.0,eyJhbGciOiJub25lIn0.eyJpYXQiOjE2OTIxMDE1NTgsImp0aSI6IjE2NzhmZDNlLWNmZTgtNGY4OS1hZGUxLTg1N2I4ZDcxZjRlNiJ9.,2023-08-15 12:16:25 UTC
0.6141235,0.4404505,0.5460276,eyJhbGciOiJub25lIn0.eyJpYXQiOjE2OTIxMDE1NTgsImp0aSI6IjE2NzhmZDNlLWNmZTgtNGY4OS1hZGUxLTg1N2I4ZDcxZjRlNiJ9.,2023-08-15 12:16:30 UTC
0.6500294,0.648909,0.0,eyJhbGciOiJub25lIn0.eyJpYXQiOjE2OTIxMDE1NTgsImp0aSI6IjE2NzhmZDNlLWNmZTgtNGY4OS1hZGUxLTg1N2I4ZDcxZjRlNiJ9.,2023-08-15 12:16:35 UTC
0.6685414,0.6868287,0.0,eyJhbGciOiJub25lIn0.eyJpYXQiOjE2OTIxMDE1NTgsImp0aSI6IjE2NzhmZDNlLWNmZTgtNGY4OS1hZGUxLTg1N2I4ZDcxZjRlNiJ9.,2023-08-15 12:16:40 UTC
-0.0023,0.04010327,0.0,eyJhbGciOiJub25lIn0.eyJpYXQiOjE2OTIxMTE4OTksImp0aSI6ImE2YzA3ZGY1LWYyZjctNGQxMi04MjY4LTBmYjAxMDQyMjcxZCJ9.,2023-08-15 15:07:34 UTC
0.0035,0.06207517,0.0,eyJhbGciOiJub25lIn0.eyJpYXQiOjE2OTIxMTE4OTksImp0aSI6ImE2YzA3ZGY1LWYyZjctNGQxMi04MjY4LTBmYjAxMDQyMjcxZCJ9.,2023-08-15 15:07:39 UTC
0.2112,0.06265792,0.0,eyJhbGciOiJub25lIn0.eyJpYXQiOjE2OTIxMTE4OTksImp0aSI6ImE2YzA3ZGY1LWYyZjctNGQxMi04MjY4LTBmYjAxMDQyMjcxZCJ9.,2023-08-15 15:07:44 UTC
0.2372,0.0511346,0.1025882,eyJhbGciOiJub25lIn0.eyJpYXQiOjE2OTIxMTE4OTksImp0aSI6ImE2YzA3ZGY1LWYyZjctNGQxMi04MjY4LTBmYjAxMDQyMjcxZCJ9.,2023-08-15 15:07:49 UTC
0.2403167,0.05964927,0.1062549,eyJhbGciOiJub25lIn0.eyJpYXQiOjE2OTIxMTE4OTksImp0aSI6ImE2YzA3ZGY1LWYyZjctNGQxMi04MjY4LTBmYjAxMDQyMjcxZCJ9.,2023-08-15 15:07:54 UTC
0.2259138,0.05031307,0.08931036,eyJhbGciOiJub25lIn0.eyJpYXQiOjE2OTIxMTE4OTksImp0aSI6ImE2YzA3ZGY1LWYyZjctNGQxMi04MjY4LTBmYjAxMDQyMjcxZCJ9.,2023-08-15 15:07:59 UTC
0.2302138,0.05169503,0.09436918,eyJhbGciOiJub25lIn0.eyJpYXQiOjE2OTIxMTE4OTksImp0aSI6ImE2YzA3ZGY1LWYyZjctNGQxMi04MjY4LTBmYjAxMDQyMjcxZCJ9.,2023-08-15 15:08:04 UTC
0.2400286,0.06436717,0.105916,eyJhbGciOiJub25lIn0.eyJpYXQiOjE2OTIxMTE4OTksImp0aSI6ImE2YzA3ZGY1LWYyZjctNGQxMi04MjY4LTBmYjAxMDQyMjcxZCJ9.,2023-08-15 15:08:09 UTC
0.2573872,0.06605989,0.1263379,eyJhbGciOiJub25lIn0.eyJpYXQiOjE2OTIxMTE4OTksImp0aSI6ImE2YzA3ZGY1LWYyZjctNGQxMi04MjY4LTBmYjAxMDQyMjcxZCJ9.,2023-08-15 15:08:14 UTC
0.2720182,0.04791856,0.1435508,eyJhbGciOiJub25lIn0.eyJpYXQiOjE2OTIxMTE4OTksImp0aSI6ImE2YzA3ZGY1LWYyZjctNGQxMi04MjY4LTBmYjAxMDQyMjcxZCJ9.,2023-08-15 15:08:19 UTC
0.2849735,0.05289123,0.1587923,eyJhbGciOiJub25lIn0.eyJpYXQiOjE2OTIxMTE4OTksImp0aSI6ImE2YzA3ZGY1LWYyZjctNGQxMi04MjY4LTBmYjAxMDQyMjcxZCJ9.,2023-08-15 15:08:24 UTC
0.2969852,0.05025011,0.1729237,eyJhbGciOiJub25lIn0.eyJpYXQiOjE2OTIxMTE4OTksImp0aSI6ImE2YzA3ZGY1LWYyZjctNGQxMi04MjY4LTBmYjAxMDQyMjcxZCJ9.,2023-08-15 15:08:29 UTC
0.2996852,0.06875206,0.1761002,eyJhbGciOiJub25lIn0.eyJpYXQiOjE2OTIxMTE4OTksImp0aSI6ImE2YzA3ZGY1LWYyZjctNGQxMi04MjY4LTBmYjAxMDQyMjcxZCJ9.,2023-08-15 15:08:34 UTC
0.3167805,0.09732234,0.1962124,eyJhbGciOiJub25lIn0.eyJpYXQiOjE2OTIxMTE4OTksImp0aSI6ImE2YzA3ZGY1LWYyZjctNGQxMi04MjY4LTBmYjAxMDQyMjcxZCJ9.,2023-08-15 15:08:39 UTC
0.3405877,0.1491408,0.2242208,eyJhbGciOiJub25lIn0.eyJpYXQiOjE2OTIxMTE4OTksImp0aSI6ImE2YzA3ZGY1LWYyZjctNGQxMi04MjY4LTBmYjAxMDQyMjcxZCJ9.,2023-08-15 15:08:54 UTC
0.361248,0.1775659,0.248527,eyJhbGciOiJub25lIn0.eyJpYXQiOjE2OTIxMTE4OTksImp0aSI6ImE2YzA3ZGY1LWYyZjctNGQxMi04MjY4LTBmYjAxMDQyMjcxZCJ9.,2023-08-15 15:08:59 UTC
0.4758051,0.3558591,0.0,eyJhbGciOiJub25lIn0.eyJpYXQiOjE2OTIxMTE4OTksImp0aSI6ImE2YzA3ZGY1LWYyZjctNGQxMi04MjY4LTBmYjAxMDQyMjcxZCJ9.,2023-08-15 15:09:39 UTC
0.2177333,0.06512236,0.07968625,eyJhbGciOiJub25lIn0.eyJpYXQiOjE2OTIxMTIzODAsImp0aSI6ImJhYTI4NmRmLTU1YmItNGE3ZS05OTRhLTgwYmU5NzE2NDM2ZCJ9.,2023-08-15 15:15:01 UTC
0.2529263,0.05021987,0.1210898,eyJhbGciOiJub25lIn0.eyJpYXQiOjE2OTIxMTIzODAsImp0aSI6ImJhYTI4NmRmLTU1YmItNGE3ZS05OTRhLTgwYmU5NzE2NDM2ZCJ9.,2023-08-15 15:15:17 UTC
0.2856222,0.05346878,0.1595556,eyJhbGciOiJub25lIn0.eyJpYXQiOjE2OTIxMTIzODAsImp0aSI6ImJhYTI4NmRmLTU1YmItNGE3ZS05OTRhLTgwYmU5NzE2NDM2ZCJ9.,2023-08-15 15:15:27 UTC
0.3018064,0.04579066,0.1785958,eyJhbGciOiJub25lIn0.eyJpYXQiOjE2OTIxMTIzODAsImp0aSI6ImJhYTI4NmRmLTU1YmItNGE3ZS05OTRhLTgwYmU5NzE2NDM2ZCJ9.,2023-08-15 15:15:32 UTC
0.3533055,0.1459368,0.239183,eyJhbGciOiJub25lIn0.eyJpYXQiOjE2OTIxMTIzODAsImp0aSI6ImJhYTI4NmRmLTU1YmItNGE3ZS05OTRhLTgwYmU5NzE2NDM2ZCJ9.,2023-08-15 15:15:57 UTC
0.416164,0.3124035,0.0,eyJhbGciOiJub25lIn0.eyJpYXQiOjE2OTIxMTIzODAsImp0aSI6ImJhYTI4NmRmLTU1YmItNGE3ZS05OTRhLTgwYmU5NzE2NDM2ZCJ9.,2023-08-15 15:16:17 UTC
0.6559933,0.6337778,0.0,eyJhbGciOiJub25lIn0.eyJpYXQiOjE2OTIxMTIzODAsImp0aSI6ImJhYTI4NmRmLTU1YmItNGE3ZS05OTRhLTgwYmU5NzE2NDM2ZCJ9.,2023-08-15 15:16:57 UTC
0.7333569,0.6042612,0.0,eyJhbGciOiJub25lIn0.eyJpYXQiOjE2OTIxMTIzODAsImp0aSI6ImJhYTI4NmRmLTU1YmItNGE3ZS05OTRhLTgwYmU5NzE2NDM2ZCJ9.,2023-08-15 15:17:07 UTC
0.3151061,0.1090094,0.1942424,eyJhbGciOiJub25lIn0.eyJpYXQiOjE2OTIxMTE4OTksImp0aSI6ImE2YzA3ZGY1LWYyZjctNGQxMi04MjY4LTBmYjAxMDQyMjcxZCJ9.,2023-08-15 15:08:44 UTC
0.3962789,0.2550594,0.0,eyJhbGciOiJub25lIn0.eyJpYXQiOjE2OTIxMTE4OTksImp0aSI6ImE2YzA3ZGY1LWYyZjctNGQxMi04MjY4LTBmYjAxMDQyMjcxZCJ9.,2023-08-15 15:09:09 UTC
0.4085208,0.2707072,0.0,eyJhbGciOiJub25lIn0.eyJpYXQiOjE2OTIxMTE4OTksImp0aSI6ImE2YzA3ZGY1LWYyZjctNGQxMi04MjY4LTBmYjAxMDQyMjcxZCJ9.,2023-08-15 15:09:14 UTC
0.4443464,0.2806777,0.3462899,eyJhbGciOiJub25lIn0.eyJpYXQiOjE2OTIxMTE4OTksImp0aSI6ImE2YzA3ZGY1LWYyZjctNGQxMi04MjY4LTBmYjAxMDQyMjcxZCJ9.,2023-08-15 15:09:19 UTC
0.4710709,0.3457491,0.0,eyJhbGciOiJub25lIn0.eyJpYXQiOjE2OTIxMTE4OTksImp0aSI6ImE2YzA3ZGY1LWYyZjctNGQxMi04MjY4LTBmYjAxMDQyMjcxZCJ9.,2023-08-15 15:09:29 UTC
0.4858598,0.3505605,0.0,eyJhbGciOiJub25lIn0.eyJpYXQiOjE2OTIxMTE4OTksImp0aSI6ImE2YzA3ZGY1LWYyZjctNGQxMi04MjY4LTBmYjAxMDQyMjcxZCJ9.,2023-08-15 15:09:34 UTC
0.4731765,0.436297,0.0,eyJhbGciOiJub25lIn0.eyJpYXQiOjE2OTIxMTE4OTksImp0aSI6ImE2YzA3ZGY1LWYyZjctNGQxMi04MjY4LTBmYjAxMDQyMjcxZCJ9.,2023-08-15 15:09:49 UTC
0.2462263,0.06462624,0.1132074,eyJhbGciOiJub25lIn0.eyJpYXQiOjE2OTIxMTIzODAsImp0aSI6ImJhYTI4NmRmLTU1YmItNGE3ZS05OTRhLTgwYmU5NzE2NDM2ZCJ9.,2023-08-15 15:15:12 UTC
0.2696913,0.05665747,0.1408133,eyJhbGciOiJub25lIn0.eyJpYXQiOjE2OTIxMTIzODAsImp0aSI6ImJhYTI4NmRmLTU1YmItNGE3ZS05OTRhLTgwYmU5NzE2NDM2ZCJ9.,2023-08-15 15:15:22 UTC
0.3127905,0.09005176,0.1915182,eyJhbGciOiJub25lIn0.eyJpYXQiOjE2OTIxMTIzODAsImp0aSI6ImJhYTI4NmRmLTU1YmItNGE3ZS05OTRhLTgwYmU5NzE2NDM2ZCJ9.,2023-08-15 15:15:42 UTC
0.3144037,0.1122022,0.1934161,eyJhbGciOiJub25lIn0.eyJpYXQiOjE2OTIxMTIzODAsImp0aSI6ImJhYTI4NmRmLTU1YmItNGE3ZS05OTRhLTgwYmU5NzE2NDM2ZCJ9.,2023-08-15 15:15:47 UTC
0.3690217,0.1744428,0.2576726,eyJhbGciOiJub25lIn0.eyJpYXQiOjE2OTIxMTIzODAsImp0aSI6ImJhYTI4NmRmLTU1YmItNGE3ZS05OTRhLTgwYmU5NzE2NDM2ZCJ9.,2023-08-15 15:16:02 UTC
0.3814593,0.2199351,0.272305,eyJhbGciOiJub25lIn0.eyJpYXQiOjE2OTIxMTIzODAsImp0aSI6ImJhYTI4NmRmLTU1YmItNGE3ZS05OTRhLTgwYmU5NzE2NDM2ZCJ9.,2023-08-15 15:16:07 UTC
0.6260754,0.6330173,0.0,eyJhbGciOiJub25lIn0.eyJpYXQiOjE2OTIxMTIzODAsImp0aSI6ImJhYTI4NmRmLTU1YmItNGE3ZS05OTRhLTgwYmU5NzE2NDM2ZCJ9.,2023-08-15 15:16:52 UTC
0.7040023,0.6070736,0.0,eyJhbGciOiJub25lIn0.eyJpYXQiOjE2OTIxMTIzODAsImp0aSI6ImJhYTI4NmRmLTU1YmItNGE3ZS05OTRhLTgwYmU5NzE2NDM2ZCJ9.,2023-08-15 15:17:02 UTC
0.761766,0.5990279,0.7197247,eyJhbGciOiJub25lIn0.eyJpYXQiOjE2OTIxMTIzODAsImp0aSI6ImJhYTI4NmRmLTU1YmItNGE3ZS05OTRhLTgwYmU5NzE2NDM2ZCJ9.,2023-08-15 15:17:12 UTC
0.8006077,1.052897,-0.6506077,eyJhbGciOiJub25lIn0.eyJpYXQiOjE2OTIxMTIzODAsImp0aSI6ImJhYTI4NmRmLTU1YmItNGE3ZS05OTRhLTgwYmU5NzE2NDM2ZCJ9.,2023-08-15 15:17:17 UTC
0.3308205,0.1275564,0.21273,eyJhbGciOiJub25lIn0.eyJpYXQiOjE2OTIxMTE4OTksImp0aSI6ImE2YzA3ZGY1LWYyZjctNGQxMi04MjY4LTBmYjAxMDQyMjcxZCJ9.,2023-08-15 15:08:49 UTC
0.3671452,0.2070896,0.2554649,eyJhbGciOiJub25lIn0.eyJpYXQiOjE2OTIxMTE4OTksImp0aSI6ImE2YzA3ZGY1LWYyZjctNGQxMi04MjY4LTBmYjAxMDQyMjcxZCJ9.,2023-08-15 15:09:04 UTC
0.4526192,0.3319921,0.0,eyJhbGciOiJub25lIn0.eyJpYXQiOjE2OTIxMTE4OTksImp0aSI6ImE2YzA3ZGY1LWYyZjctNGQxMi04MjY4LTBmYjAxMDQyMjcxZCJ9.,2023-08-15 15:09:24 UTC
0.4769119,0.4068714,0.0,eyJhbGciOiJub25lIn0.eyJpYXQiOjE2OTIxMTE4OTksImp0aSI6ImE2YzA3ZGY1LWYyZjctNGQxMi04MjY4LTBmYjAxMDQyMjcxZCJ9.,2023-08-15 15:09:44 UTC
-0.0023,0.05435343,0.0,eyJhbGciOiJub25lIn0.eyJpYXQiOjE2OTIxMTIzODAsImp0aSI6ImJhYTI4NmRmLTU1YmItNGE3ZS05OTRhLTgwYmU5NzE2NDM2ZCJ9.,2023-08-15 15:14:56 UTC
0.2196,0.05141072,0.08188236,eyJhbGciOiJub25lIn0.eyJpYXQiOjE2OTIxMTIzODAsImp0aSI6ImJhYTI4NmRmLTU1YmItNGE3ZS05OTRhLTgwYmU5NzE2NDM2ZCJ9.,2023-08-15 15:15:07 UTC
0.309659,0.08374746,0.1878341,eyJhbGciOiJub25lIn0.eyJpYXQiOjE2OTIxMTIzODAsImp0aSI6ImJhYTI4NmRmLTU1YmItNGE3ZS05OTRhLTgwYmU5NzE2NDM2ZCJ9.,2023-08-15 15:15:37 UTC
0.3271452,0.1217765,0.2084061,eyJhbGciOiJub25lIn0.eyJpYXQiOjE2OTIxMTIzODAsImp0aSI6ImJhYTI4NmRmLTU1YmItNGE3ZS05OTRhLTgwYmU5NzE2NDM2ZCJ9.,2023-08-15 15:15:52 UTC
0.3940579,0.2843221,0.0,eyJhbGciOiJub25lIn0.eyJpYXQiOjE2OTIxMTIzODAsImp0aSI6ImJhYTI4NmRmLTU1YmItNGE3ZS05OTRhLTgwYmU5NzE2NDM2ZCJ9.,2023-08-15 15:16:12 UTC
0.4377012,0.3046566,0.0,eyJhbGciOiJub25lIn0.eyJpYXQiOjE2OTIxMTIzODAsImp0aSI6ImJhYTI4NmRmLTU1YmItNGE3ZS05OTRhLTgwYmU5NzE2NDM2ZCJ9.,2023-08-15 15:16:22 UTC
0.4669203,0.2951802,0.3728474,eyJhbGciOiJub25lIn0.eyJpYXQiOjE2OTIxMTIzODAsImp0aSI6ImJhYTI4NmRmLTU1YmItNGE3ZS05OTRhLTgwYmU5NzE2NDM2ZCJ9.,2023-08-15 15:16:27 UTC
0.4775174,0.4083434,0.0,eyJhbGciOiJub25lIn0.eyJpYXQiOjE2OTIxMTIzODAsImp0aSI6ImJhYTI4NmRmLTU1YmItNGE3ZS05OTRhLTgwYmU5NzE2NDM2ZCJ9.,2023-08-15 15:16:32 UTC
0.5304627,0.4213921,0.0,eyJhbGciOiJub25lIn0.eyJpYXQiOjE2OTIxMTIzODAsImp0aSI6ImJhYTI4NmRmLTU1YmItNGE3ZS05OTRhLTgwYmU5NzE2NDM2ZCJ9.,2023-08-15 15:16:37 UTC
0.5563116,0.4051346,0.4780137,eyJhbGciOiJub25lIn0.eyJpYXQiOjE2OTIxMTIzODAsImp0aSI6ImJhYTI4NmRmLTU1YmItNGE3ZS05OTRhLTgwYmU5NzE2NDM2ZCJ9.,2023-08-15 15:16:42 UTC
0.5879883,0.6103343,0.0,eyJhbGciOiJub25lIn0.eyJpYXQiOjE2OTIxMTIzODAsImp0aSI6ImJhYTI4NmRmLTU1YmItNGE3ZS05OTRhLTgwYmU5NzE2NDM2ZCJ9.,2023-08-15 15:16:47 UTC
0.8515137,0.3279264,0.8253102,eyJhbGciOiJub25lIn0.eyJpYXQiOjE2OTIxMTIzODAsImp0aSI6ImJhYTI4NmRmLTU1YmItNGE3ZS05OTRhLTgwYmU5NzE2NDM2ZCJ9.,2023-08-15 15:17:22 UTC
0.9090584,0.5195954,0.8930099,eyJhbGciOiJub25lIn0.eyJpYXQiOjE2OTIxMTIzODAsImp0aSI6ImJhYTI4NmRmLTU1YmItNGE3ZS05OTRhLTgwYmU5NzE2NDM2ZCJ9.,2023-08-15 15:17:27 UTC
0.9687863,1.18751,-0.8187863,eyJhbGciOiJub25lIn0.eyJpYXQiOjE2OTIxMTIzODAsImp0aSI6ImJhYTI4NmRmLTU1YmItNGE3ZS05OTRhLTgwYmU5NzE2NDM2ZCJ9.,2023-08-15 15:17:32 UTC
1.027911,0.2371544,1.032836,eyJhbGciOiJub25lIn0.eyJpYXQiOjE2OTIxMTIzODAsImp0aSI6ImJhYTI4NmRmLTU1YmItNGE3ZS05OTRhLTgwYmU5NzE2NDM2ZCJ9.,2023-08-15 15:17:37 UTC
1.07464,0.3510074,1.087812,eyJhbGciOiJub25lIn0.eyJpYXQiOjE2OTIxMTIzODAsImp0aSI6ImJhYTI4NmRmLTU1YmItNGE3ZS05OTRhLTgwYmU5NzE2NDM2ZCJ9.,2023-08-15 15:17:42 UTC
1.115567,0.540543,1.135961,eyJhbGciOiJub25lIn0.eyJpYXQiOjE2OTIxMTIzODAsImp0aSI6ImJhYTI4NmRmLTU1YmItNGE3ZS05OTRhLTgwYmU5NzE2NDM2ZCJ9.,2023-08-15 15:17:47 UTC
1.145519,1.833489,-0.9955187,eyJhbGciOiJub25lIn0.eyJpYXQiOjE2OTIxMTIzODAsImp0aSI6ImJhYTI4NmRmLTU1YmItNGE3ZS05OTRhLTgwYmU5NzE2NDM2ZCJ9.,2023-08-15 15:17:52 UTC
1.198526,0.06668251,1.23356,eyJhbGciOiJub25lIn0.eyJpYXQiOjE2OTIxMTIzODAsImp0aSI6ImJhYTI4NmRmLTU1YmItNGE3ZS05OTRhLTgwYmU5NzE2NDM2ZCJ9.,2023-08-15 15:17:57 UTC
1.264262,0.08806361,1.310896,eyJhbGciOiJub25lIn0.eyJpYXQiOjE2OTIxMTIzODAsImp0aSI6ImJhYTI4NmRmLTU1YmItNGE3ZS05OTRhLTgwYmU5NzE2NDM2ZCJ9.,2023-08-15 15:18:02 UTC
1.328122,0.1440843,1.386026,eyJhbGciOiJub25lIn0.eyJpYXQiOjE2OTIxMTIzODAsImp0aSI6ImJhYTI4NmRmLTU1YmItNGE3ZS05OTRhLTgwYmU5NzE2NDM2ZCJ9.,2023-08-15 15:18:07 UTC
1.337039,0.1983275,1.396517,eyJhbGciOiJub25lIn0.eyJpYXQiOjE2OTIxMTIzODAsImp0aSI6ImJhYTI4NmRmLTU1YmItNGE3ZS05OTRhLTgwYmU5NzE2NDM2ZCJ9.,2023-08-15 15:18:12 UTC
-0.0032,0.05988832,0.0,eyJhbGciOiJub25lIn0.eyJpYXQiOjE2OTIxODM3NzgsImp0aSI6ImJmZGFhYjg2LTFlYzctNGRiOC05MmMyLTg2YWFkZTU3MmJlYyJ9.,2023-08-16 11:10:54 UTC
0.1865769,0.07038853,0.0,eyJhbGciOiJub25lIn0.eyJpYXQiOjE2OTIxODM3NzgsImp0aSI6ImJmZGFhYjg2LTFlYzctNGRiOC05MmMyLTg2YWFkZTU3MmJlYyJ9.,2023-08-16 11:10:59 UTC
0.1830947,0.04641711,0.0,eyJhbGciOiJub25lIn0.eyJpYXQiOjE2OTIxODM3NzgsImp0aSI6ImJmZGFhYjg2LTFlYzctNGRiOC05MmMyLTg2YWFkZTU3MmJlYyJ9.,2023-08-16 11:11:04 UTC
0.1858947,0.05787591,0.0,eyJhbGciOiJub25lIn0.eyJpYXQiOjE2OTIxODM3NzgsImp0aSI6ImJmZGFhYjg2LTFlYzctNGRiOC05MmMyLTg2YWFkZTU3MmJlYyJ9.,2023-08-16 11:11:09 UTC
0.2233194,0.05749914,0.08625805,eyJhbGciOiJub25lIn0.eyJpYXQiOjE2OTIxODM3NzgsImp0aSI6ImJmZGFhYjg2LTFlYzctNGRiOC05MmMyLTg2YWFkZTU3MmJlYyJ9.,2023-08-16 11:11:14 UTC
0.2328706,0.04845534,0.09749481,eyJhbGciOiJub25lIn0.eyJpYXQiOjE2OTIxODM3NzgsImp0aSI6ImJmZGFhYjg2LTFlYzctNGRiOC05MmMyLTg2YWFkZTU3MmJlYyJ9.,2023-08-16 11:11:19 UTC
0.2344667,0.0460309,0.09937255,eyJhbGciOiJub25lIn0.eyJpYXQiOjE2OTIxODM3NzgsImp0aSI6ImJmZGFhYjg2LTFlYzctNGRiOC05MmMyLTg2YWFkZTU3MmJlYyJ9.,2023-08-16 11:11:24 UTC
0.2381667,0.04830579,0.1037255,eyJhbGciOiJub25lIn0.eyJpYXQiOjE2OTIxODM3NzgsImp0aSI6ImJmZGFhYjg2LTFlYzctNGRiOC05MmMyLTg2YWFkZTU3MmJlYyJ9.,2023-08-16 11:11:29 UTC
0.254113,0.05325861,0.1224859,eyJhbGciOiJub25lIn0.eyJpYXQiOjE2OTIxODM3NzgsImp0aSI6ImJmZGFhYjg2LTFlYzctNGRiOC05MmMyLTg2YWFkZTU3MmJlYyJ9.,2023-08-16 11:11:34 UTC
0.2596131,0.05239399,0.1289565,eyJhbGciOiJub25lIn0.eyJpYXQiOjE2OTIxODM3NzgsImp0aSI6ImJmZGFhYjg2LTFlYzctNGRiOC05MmMyLTg2YWFkZTU3MmJlYyJ9.,2023-08-16 11:11:39 UTC
0.2842357,0.05502108,0.1579244,eyJhbGciOiJub25lIn0.eyJpYXQiOjE2OTIxODM3NzgsImp0aSI6ImJmZGFhYjg2LTFlYzctNGRiOC05MmMyLTg2YWFkZTU3MmJlYyJ9.,2023-08-16 11:11:44 UTC
0.284775,0.04724654,0.1585588,eyJhbGciOiJub25lIn0.eyJpYXQiOjE2OTIxODM3NzgsImp0aSI6ImJmZGFhYjg2LTFlYzctNGRiOC05MmMyLTg2YWFkZTU3MmJlYyJ9.,2023-08-16 11:11:49 UTC
0.2885179,0.05476823,0.1629622,eyJhbGciOiJub25lIn0.eyJpYXQiOjE2OTIxODM3NzgsImp0aSI6ImJmZGFhYjg2LTFlYzctNGRiOC05MmMyLTg2YWFkZTU3MmJlYyJ9.,2023-08-16 11:11:54 UTC
0.2908315,0.06032687,0.1656841,eyJhbGciOiJub25lIn0.eyJpYXQiOjE2OTIxODM3NzgsImp0aSI6ImJmZGFhYjg2LTFlYzctNGRiOC05MmMyLTg2YWFkZTU3MmJlYyJ9.,2023-08-16 11:11:59 UTC
0.3014131,0.05595059,0.178133,eyJhbGciOiJub25lIn0.eyJpYXQiOjE2OTIxODM3NzgsImp0aSI6ImJmZGFhYjg2LTFlYzctNGRiOC05MmMyLTg2YWFkZTU3MmJlYyJ9.,2023-08-16 11:12:04 UTC
0.3038086,0.07755226,0.1809513,eyJhbGciOiJub25lIn0.eyJpYXQiOjE2OTIxODM3NzgsImp0aSI6ImJmZGFhYjg2LTFlYzctNGRiOC05MmMyLTg2YWFkZTU3MmJlYyJ9.,2023-08-16 11:12:09 UTC
0.3063965,0.09343948,0.1839959,eyJhbGciOiJub25lIn0.eyJpYXQiOjE2OTIxODM3NzgsImp0aSI6ImJmZGFhYjg2LTFlYzctNGRiOC05MmMyLTg2YWFkZTU3MmJlYyJ9.,2023-08-16 11:12:14 UTC
0.3228206,0.1169358,0.2033184,eyJhbGciOiJub25lIn0.eyJpYXQiOjE2OTIxODM3NzgsImp0aSI6ImJmZGFhYjg2LTFlYzctNGRiOC05MmMyLTg2YWFkZTU3MmJlYyJ9.,2023-08-16 11:12:19 UTC
0.3421346,0.1280556,0.2260407,eyJhbGciOiJub25lIn0.eyJpYXQiOjE2OTIxODM3NzgsImp0aSI6ImJmZGFhYjg2LTFlYzctNGRiOC05MmMyLTg2YWFkZTU3MmJlYyJ9.,2023-08-16 11:12:24 UTC
0.4309523,0.3239687,0.0,eyJhbGciOiJub25lIn0.eyJpYXQiOjE2OTIxODM3NzgsImp0aSI6ImJmZGFhYjg2LTFlYzctNGRiOC05MmMyLTg2YWFkZTU3MmJlYyJ9.,2023-08-16 11:12:54 UTC
0.5405069,0.4684354,0.0,eyJhbGciOiJub25lIn0.eyJpYXQiOjE2OTIxODM3NzgsImp0aSI6ImJmZGFhYjg2LTFlYzctNGRiOC05MmMyLTg2YWFkZTU3MmJlYyJ9.,2023-08-16 11:13:14 UTC
0.3534628,0.1621984,0.239368,eyJhbGciOiJub25lIn0.eyJpYXQiOjE2OTIxODM3NzgsImp0aSI6ImJmZGFhYjg2LTFlYzctNGRiOC05MmMyLTg2YWFkZTU3MmJlYyJ9.,2023-08-16 11:12:29 UTC
0.3605689,0.1626262,0.247728,eyJhbGciOiJub25lIn0.eyJpYXQiOjE2OTIxODM3NzgsImp0aSI6ImJmZGFhYjg2LTFlYzctNGRiOC05MmMyLTg2YWFkZTU3MmJlYyJ9.,2023-08-16 11:12:34 UTC
0.3659334,0.287948,0.0,eyJhbGciOiJub25lIn0.eyJpYXQiOjE2OTIxODM3NzgsImp0aSI6ImJmZGFhYjg2LTFlYzctNGRiOC05MmMyLTg2YWFkZTU3MmJlYyJ9.,2023-08-16 11:12:44 UTC
0.4048594,0.3108127,0.0,eyJhbGciOiJub25lIn0.eyJpYXQiOjE2OTIxODM3NzgsImp0aSI6ImJmZGFhYjg2LTFlYzctNGRiOC05MmMyLTg2YWFkZTU3MmJlYyJ9.,2023-08-16 11:12:49 UTC
0.5606349,0.483449,0.0,eyJhbGciOiJub25lIn0.eyJpYXQiOjE2OTIxODM3NzgsImp0aSI6ImJmZGFhYjg2LTFlYzctNGRiOC05MmMyLTg2YWFkZTU3MmJlYyJ9.,2023-08-16 11:13:19 UTC
0.3697424,0.2177848,0.2585205,eyJhbGciOiJub25lIn0.eyJpYXQiOjE2OTIxODM3NzgsImp0aSI6ImJmZGFhYjg2LTFlYzctNGRiOC05MmMyLTg2YWFkZTU3MmJlYyJ9.,2023-08-16 11:12:39 UTC
0.4455943,0.3109868,0.0,eyJhbGciOiJub25lIn0.eyJpYXQiOjE2OTIxODM3NzgsImp0aSI6ImJmZGFhYjg2LTFlYzctNGRiOC05MmMyLTg2YWFkZTU3MmJlYyJ9.,2023-08-16 11:12:59 UTC
0.4731583,0.3348968,0.0,eyJhbGciOiJub25lIn0.eyJpYXQiOjE2OTIxODM3NzgsImp0aSI6ImJmZGFhYjg2LTFlYzctNGRiOC05MmMyLTg2YWFkZTU3MmJlYyJ9.,2023-08-16 11:13:04 UTC
0.5069843,0.3419183,0.4199815,eyJhbGciOiJub25lIn0.eyJpYXQiOjE2OTIxODM3NzgsImp0aSI6ImJmZGFhYjg2LTFlYzctNGRiOC05MmMyLTg2YWFkZTU3MmJlYyJ9.,2023-08-16 11:13:09 UTC
